description,priority,difficulty,impact,estimated_duration,actual_duration,postponed_count,days_to_deadline,is_overdue,status,start_timestamp,completion_timestamp,deadline_timestamp,productivity_score
Fix memory leak on web sockets,normal,8,5,1.02,0.53,0,0.24,0,Pending,2026-06-08T20:53:18.408955,,2026-06-09T02:37:58.687386160,5.07
Setup DB schema and migrations,normal,6,9,2.07,1.79,1,0.6,0,Completed,2026-05-13T20:53:18.413359,2026-05-13T22:40:57.442175985,2026-05-14T11:18:39.466487168,9.88
Debug CSS layout alignment bugs,normal,4,9,1.0,0.5,1,0.75,0,Completed,2026-05-07T20:53:18.413645,2026-05-07T21:23:18.413645,2026-05-08T14:50:12.222328395,9.76
Implement OAuth authentication flow,normal,7,8,1.0,1.24,3,1.2,0,Completed,2026-05-18T20:53:18.413873,2026-05-18T22:07:31.109711941,2026-05-20T01:38:11.021549141,8.37
Write unit tests for checkout backend,critical,2,10,3.58,1.18,0,10.45,0,Pending,2026-06-15T20:53:18.414085,,2026-06-26T07:42:04.604014435,5.72
Configure Docker containers and compose,deferred,2,5,5.3,4.18,4,3.74,0,Completed,2026-06-04T20:53:18.414280,2026-06-05T01:04:21.642689457,2026-06-08T14:33:20.155196214,7.95
Fix memory leak on web sockets,normal,1,8,1.0,0.64,2,4.91,0,Pending,2026-05-19T20:53:18.414495,,2026-05-24T18:41:22.760087962,5.48
Fix memory leak on web sockets,deferred,2,1,1.0,0.55,0,1.57,0,Pending,2026-06-02T20:53:18.414732,,2026-06-04T10:38:47.806808435,5.17
Deploy to AWS EC2 production instance,normal,5,3,8.58,2.96,1,5.9,0,Completed,2026-05-18T20:53:18.414932,2026-05-18T23:50:59.670574748,2026-05-24T18:22:54.787430903,9.69
Seed PostgreSQL databases,critical,7,1,2.26,3.1,1,9.53,0,Completed,2026-05-24T20:53:18.415152,2026-05-24T23:59:22.046743514,2026-06-03T09:29:23.782266769,7.95
Seed PostgreSQL databases,critical,3,6,12.75,8.02,1,1.4,0,Completed,2026-06-09T20:53:18.415351,2026-06-10T04:54:36.310818378,2026-06-11T06:31:56.259695303,9.47
Audit cloud security logs,normal,7,9,2.3,2.47,0,1.03,0,Completed,2026-05-21T20:53:18.415551,2026-05-21T23:21:17.404384885,2026-05-22T21:43:20.555016770,9.72
Build dashboard landing screen,normal,9,5,7.07,7.61,0,1.12,0,Completed,2026-05-08T20:53:18.415757,2026-05-09T04:29:44.894274755,2026-05-09T23:45:24.926928758,8.66
Write documentation for API endpoints,critical,10,4,1.7,1.67,1,4.98,0,Completed,2026-06-06T20:53:18.415962,2026-06-06T22:33:44.000976878,2026-06-11T20:28:44.358987576,10.0
Optimize SQL queries on core tables,normal,1,3,6.85,5.54,1,2.38,0,Completed,2026-05-04T20:53:18.416175,2026-05-05T02:25:56.376661232,2026-05-07T05:53:40.704622429,9.11
Write documentation for API endpoints,normal,8,5,6.0,5.26,1,3.07,0,Completed,2026-06-23T20:53:18.416372,2026-06-24T02:09:03.419665442,2026-06-26T22:33:26.758755531,10.0
Calibrate LLM parameter temperature,critical,4,4,1.0,1.13,1,1.03,0,Completed,2026-05-21T20:53:18.416582,2026-05-21T22:01:21.119011143,2026-05-22T21:32:36.841804193,8.01
Create custom report exporter,deferred,9,9,1.41,0.81,1,4.76,0,Completed,2026-06-28T20:53:18.416777,2026-06-28T21:41:38.164869903,2026-07-03T15:07:48.850559128,10.0
Calibrate LLM parameter temperature,deferred,5,5,12.85,8.9,0,1.31,0,Pending,2026-05-27T20:53:18.416975,,2026-05-29T04:16:28.095936553,5.49
Build real-time notification alerts,critical,8,4,13.73,17.39,1,0.1,1,Completed,2026-05-06T20:53:18.417163,2026-05-07T14:16:27.423448476,2026-05-06T23:17:18.417163,6.74
Deploy to AWS EC2 production instance,normal,9,4,7.47,4.15,0,1.57,0,Pending,2026-06-22T20:53:18.417360,,2026-06-24T10:40:38.641882090,4.59
Deploy to AWS EC2 production instance,normal,1,3,6.07,5.99,0,3.57,0,Not Completed,2026-06-08T20:53:18.417548,,2026-06-12T10:27:05.878659320,3.7
Setup DB schema and migrations,normal,1,5,1.57,0.5,0,3.39,0,Pending,2026-05-16T20:53:18.417733,,2026-05-20T06:21:29.056536094,6.35
Setup CI/CD pipeline with GitHub Actions,deferred,3,9,18.35,14.0,0,3.22,0,Completed,2026-05-27T20:53:18.417918,2026-05-28T10:53:10.357714887,2026-05-31T02:08:12.722876076,10.0
Deploy to AWS EC2 production instance,critical,9,10,16.51,16.75,1,3.38,0,Completed,2026-06-27T20:53:18.418122,2026-06-28T13:38:11.163133256,2026-07-01T05:55:23.641594162,9.03
Write documentation for API endpoints,deferred,9,6,2.67,1.89,0,6.63,0,Pending,2026-05-03T20:53:18.418321,,2026-05-10T11:59:47.048029956,5.33
Write unit tests for checkout backend,normal,1,8,7.26,8.85,2,8.83,0,Completed,2026-06-06T20:53:18.418521,2026-06-07T05:44:05.991169705,2026-06-15T16:47:29.411946442,7.69
Debug CSS layout alignment bugs,normal,6,10,11.81,11.11,0,0.16,1,Completed,2026-06-21T20:53:18.418731,2026-06-22T08:00:10.966949626,2026-06-22T00:41:27.258821679,8.38
Design wireframes for user profile view,deferred,7,4,11.07,12.25,0,2.12,0,Completed,2026-06-10T20:53:18.418926,2026-06-11T09:08:22.235396479,2026-06-12T23:45:42.273028824,8.82
Optimize SQL queries on core tables,critical,7,9,7.0,6.15,0,9.87,0,Completed,2026-06-04T20:53:18.419126,2026-06-05T03:02:09.348335040,2026-06-14T17:46:48.455033360,10.0
Configure Docker containers and compose,deferred,1,7,6.42,6.09,0,5.24,0,Completed,2026-06-07T20:53:18.419322,2026-06-08T02:58:55.307307287,2026-06-13T02:35:54.343571971,9.45
Setup CI/CD pipeline with GitHub Actions,critical,1,4,1.16,0.5,0,5.76,0,Pending,2026-05-30T20:53:18.419521,,2026-06-05T15:14:48.879915622,5.97
Optimize SQL queries on core tables,normal,10,6,6.05,7.81,0,1.88,0,Completed,2026-06-24T20:53:18.419710,2026-06-25T04:41:45.746034737,2026-06-26T17:56:57.531718789,9.26
Seed PostgreSQL databases,critical,8,7,17.32,9.94,2,4.05,0,Pending,2026-05-09T20:53:18.419909,,2026-05-13T22:00:45.676084738,4.33
Audit cloud security logs,deferred,3,1,19.49,20.49,3,0.87,0,Completed,2026-06-12T20:53:18.420123,2026-06-13T17:22:42.968170772,2026-06-13T17:48:23.367904019,7.12
Configure Docker containers and compose,normal,10,10,2.5,2.11,0,2.74,0,Completed,2026-05-04T20:53:18.420318,2026-05-04T22:59:53.617624331,2026-05-07T14:40:21.970387160,10.0
Write unit tests for checkout backend,normal,9,4,1.17,1.07,2,6.58,0,Not Completed,2026-06-11T20:53:18.420526,,2026-06-18T10:43:57.114254925,2.21
Write documentation for API endpoints,normal,8,7,16.02,10.06,2,2.24,0,Pending,2026-06-07T20:53:18.420745,,2026-06-10T02:40:57.319368210,5.26
Seed PostgreSQL databases,deferred,1,4,1.0,1.01,3,0.38,0,Completed,2026-05-07T20:53:18.420934,2026-05-07T21:53:37.324391469,2026-05-08T06:04:41.191939553,8.12
Optimize SQL queries on core tables,normal,9,4,6.7,1.1,2,6.27,0,Pending,2026-05-18T20:53:18.421138,,2026-05-25T03:26:06.756984029,4.71
Fix memory leak on web sockets,deferred,10,5,8.01,9.52,1,4.89,0,Not Completed,2026-05-22T20:53:18.421326,,2026-05-27T18:21:15.442479858,2.74
Fix memory leak on web sockets,normal,8,10,3.03,3.09,3,0.63,0,Completed,2026-05-15T20:53:18.421516,2026-05-15T23:58:57.770030584,2026-05-16T12:06:27.273637915,8.81
Setup DB schema and migrations,deferred,1,7,25.61,16.25,2,1.89,0,Completed,2026-06-02T20:53:18.421718,2026-06-03T13:08:28.431729047,2026-06-04T18:12:08.879186369,9.24
Refactor legacy state management,deferred,7,3,1.76,1.12,0,3.39,0,Pending,2026-05-19T20:53:18.421946,,2026-05-23T06:14:20.411880417,5.75
Fix memory leak on web sockets,normal,9,1,1.0,0.78,1,2.29,0,Pending,2026-06-13T20:53:18.422148,,2026-06-16T03:55:29.744714050,3.56
Audit cloud security logs,deferred,4,3,7.13,8.2,0,0.73,0,Completed,2026-06-06T20:53:18.422377,2026-06-07T05:05:22.204131476,2026-06-07T14:20:21.666973495,8.16
Audit cloud security logs,normal,8,6,3.65,5.04,1,1.3,0,Completed,2026-05-10T20:53:18.422707,2026-05-11T01:55:46.057348694,2026-05-12T04:04:34.676622756,7.9
Optimize SQL queries on core tables,deferred,6,1,1.97,1.71,0,3.69,0,Completed,2026-06-24T20:53:18.423103,2026-06-24T22:35:55.301326771,2026-06-28T13:31:20.443038606,9.55
Implement voice-to-text transcription,deferred,10,8,12.56,14.59,1,0.72,0,Completed,2026-05-13T20:53:18.423431,2026-05-14T11:28:56.690086219,2026-05-14T14:10:49.652520656,9.01
Write documentation for API endpoints,normal,10,9,21.02,29.05,2,7.29,0,Completed,2026-05-12T20:53:18.423790,2026-05-14T01:56:11.324402012,2026-05-20T03:49:07.303849982,7.24
Build dashboard landing screen,normal,5,5,34.17,46.12,1,5.86,0,Not Completed,2026-06-12T20:53:18.424037,,2026-06-18T17:33:20.260012283,2.96
Setup CI/CD pipeline with GitHub Actions,critical,1,3,1.93,0.5,0,8.42,0,Pending,2026-06-26T20:53:18.424237,,2026-07-05T07:01:14.645545410,4.37
Create custom report exporter,deferred,6,5,1.0,0.93,2,3.57,0,Completed,2026-06-15T20:53:18.424433,2026-06-15T21:49:16.987677245,2026-06-19T10:28:17.560970843,9.84
Implement OAuth authentication flow,deferred,7,6,5.76,5.2,5,3.75,0,Completed,2026-05-26T20:53:18.424641,2026-05-27T02:05:21.103788208,2026-05-30T14:48:48.016930240,7.93
Build real-time notification alerts,normal,1,8,14.48,14.9,0,2.97,0,Completed,2026-06-12T20:53:18.424845,2026-06-13T11:47:20.435417056,2026-06-15T20:04:21.591745851,8.9
Refactor legacy state management,normal,4,8,1.0,1.35,1,1.71,0,Completed,2026-05-13T20:53:18.425044,2026-05-13T22:14:36.130723789,2026-05-15T13:51:44.459015467,8.1
Calibrate LLM parameter temperature,critical,6,8,1.19,0.55,1,2.12,0,Pending,2026-05-28T20:53:18.425252,,2026-05-30T23:48:42.750826529,5.83
Create custom report exporter,normal,3,3,10.35,14.7,0,1.71,0,Completed,2026-06-17T20:53:18.425455,2026-06-18T11:35:28.631982743,2026-06-19T13:53:33.468501084,8.9
Setup CI/CD pipeline with GitHub Actions,normal,10,9,1.0,0.91,0,4.66,0,Completed,2026-06-12T20:53:18.425673,2026-06-12T21:47:37.273791435,2026-06-17T12:38:18.363400096,10.0
Write unit tests for checkout backend,deferred,1,3,1.22,0.76,0,1.85,0,Completed,2026-06-05T20:53:18.425876,2026-06-05T21:38:55.418105533,2026-06-07T17:18:56.959900422,9.99
Implement OAuth authentication flow,normal,8,3,7.5,7.26,3,2.87,0,Completed,2026-05-25T20:53:18.426090,2026-05-26T04:08:44.357836466,2026-05-28T17:41:57.287269223,8.42
Debug CSS layout alignment bugs,critical,9,7,2.84,2.29,0,1.55,0,Completed,2026-06-12T20:53:18.426290,2026-06-12T23:10:51.842154789,2026-06-14T10:12:21.703780120,10.0
Seed PostgreSQL databases,normal,4,10,9.34,12.9,0,0.36,1,Completed,2026-05-11T20:53:18.426486,2026-05-12T09:47:07.071031356,2026-05-12T05:37:04.558351232,7.7
Design wireframes for user profile view,critical,9,5,2.71,2.73,1,3.38,0,Completed,2026-05-27T20:53:18.426701,2026-05-27T23:36:49.962596081,2026-05-31T06:05:00.589548210,8.97
Build dashboard landing screen,normal,4,8,13.62,14.95,0,2.97,0,Completed,2026-06-25T20:53:18.426906,2026-06-26T11:50:31.966363348,2026-06-28T20:15:21.735104950,9.05
Implement voice-to-text transcription,deferred,1,8,7.7,10.09,2,5.07,0,Completed,2026-06-24T20:53:18.427106,2026-06-25T06:58:46.115773410,2026-06-29T22:33:56.422653811,7.85
Build dashboard landing screen,deferred,4,3,1.34,0.85,1,3.02,0,Pending,2026-05-24T20:53:18.427319,,2026-05-27T21:20:16.618442546,5.07
Seed PostgreSQL databases,normal,1,6,2.46,2.02,0,0.26,0,Not Completed,2026-06-27T20:53:18.427508,,2026-06-28T03:10:25.640139784,3.77
Build real-time notification alerts,normal,5,9,8.57,9.8,1,2.55,0,Completed,2026-05-16T20:53:18.427697,2026-05-17T06:41:34.783060084,2026-05-19T10:07:21.683879045,8.81
Create custom report exporter,critical,8,9,1.38,0.5,0,10.44,0,Pending,2026-05-23T20:53:18.427905,,2026-06-03T07:25:39.085370028,6.01
Setup CI/CD pipeline with GitHub Actions,normal,3,5,1.24,1.01,0,4.02,0,Not Completed,2026-05-18T20:53:18.428097,,2026-05-22T21:19:00.668475556,4.0
Create custom report exporter,deferred,7,8,2.84,1.28,0,1.43,0,Pending,2026-05-05T20:53:18.428293,,2026-05-07T07:19:06.235481829,5.89
Implement OAuth authentication flow,normal,8,8,5.87,5.55,0,11.24,0,Completed,2026-06-14T20:53:18.428480,2026-06-15T02:26:22.434039924,2026-06-26T02:42:27.554446971,10.0
Implement voice-to-text transcription,normal,4,7,5.11,3.29,5,5.58,0,Pending,2026-05-27T20:53:18.428703,,2026-06-02T10:53:59.902791757,3.78
Write unit tests for checkout backend,normal,10,5,12.56,16.6,0,6.89,0,Completed,2026-06-24T20:53:18.428902,2026-06-25T13:29:31.929796948,2026-07-01T18:10:55.261101770,8.62
Implement voice-to-text transcription,normal,2,3,7.1,3.94,1,1.16,0,Completed,2026-05-13T20:53:18.429102,2026-05-14T00:50:00.423818958,2026-05-15T00:44:11.355566052,9.72
Setup CI/CD pipeline with GitHub Actions,normal,10,8,4.23,3.18,1,0.1,1,Pending,2026-05-04T20:53:18.429304,,2026-05-04T23:17:18.429304,4.27
Optimize SQL queries on core tables,normal,10,1,5.15,3.89,1,2.21,0,Pending,2026-06-07T20:53:18.429497,,2026-06-10T01:52:06.258052727,4.46
Audit cloud security logs,normal,5,5,1.09,0.8,0,7.27,0,Completed,2026-06-14T20:53:18.429693,2026-06-14T21:41:16.386451465,2026-06-22T03:19:20.747586681,9.71
Implement voice-to-text transcription,critical,9,10,9.74,11.75,0,1.62,0,Completed,2026-06-27T20:53:18.429901,2026-06-28T08:38:10.703674558,2026-06-29T11:50:13.152562562,9.65
Fix memory leak on web sockets,normal,2,1,5.31,3.72,0,9.76,0,Completed,2026-05-07T20:53:18.430100,2026-05-08T00:36:39.025537685,2026-05-17T15:01:47.001859950,9.39
Setup DB schema and migrations,normal,6,10,1.0,0.65,1,0.78,0,Not Completed,2026-05-20T20:53:18.430301,,2026-05-21T15:42:36.296353860,3.38
Write documentation for API endpoints,normal,7,3,1.41,1.36,3,0.92,0,Completed,2026-05-20T20:53:18.430489,2026-05-20T22:14:38.120427844,2026-05-21T18:55:44.329501384,8.71
Debug CSS layout alignment bugs,critical,3,2,4.46,3.85,0,2.05,0,Completed,2026-05-31T20:53:18.430704,2026-06-01T00:44:29.844540038,2026-06-02T22:02:59.569064612,9.34
Fix memory leak on web sockets,normal,10,10,13.66,18.31,1,6.45,0,Not Completed,2026-06-22T20:53:18.430910,,2026-06-29T07:45:18.213181263,3.15
Configure Docker containers and compose,critical,7,3,1.58,1.37,1,0.1,0,Completed,2026-05-27T20:53:18.431099,2026-05-27T22:15:29.832828199,2026-05-27T23:17:18.431099,9.72
Implement voice-to-text transcription,normal,3,8,7.69,5.61,2,7.09,0,Completed,2026-05-29T20:53:18.431304,2026-05-30T02:29:51.378310160,2026-06-05T23:07:13.976895555,9.65
Calibrate LLM parameter temperature,critical,10,7,7.99,4.39,2,0.52,0,Pending,2026-06-24T20:53:18.431506,,2026-06-25T09:27:49.929294361,4.75
Build real-time notification alerts,normal,2,3,5.35,5.7,0,3.91,0,Completed,2026-05-16T20:53:18.431702,2026-05-17T02:35:34.645636127,2026-05-20T18:49:49.543763073,7.63
Deploy to AWS EC2 production instance,deferred,6,8,1.0,1.42,1,14.0,0,Completed,2026-06-12T20:53:18.431913,2026-06-12T22:18:45.242644461,2026-06-26T20:53:18.431913,8.95
Setup CI/CD pipeline with GitHub Actions,normal,2,9,1.79,1.84,0,7.21,0,Not Completed,2026-05-15T20:53:18.432118,,2026-05-23T01:49:17.809441322,3.84
Implement OAuth authentication flow,normal,6,2,4.53,4.45,2,2.76,0,Completed,2026-06-17T20:53:18.432320,2026-06-18T01:20:10.402821862,2026-06-20T15:03:52.939930198,7.89
Refactor legacy state management,critical,9,6,7.9,10.25,0,4.01,0,Completed,2026-06-08T20:53:18.432522,2026-06-09T07:08:14.300288638,2026-06-12T21:08:37.959811825,9.19
Setup CI/CD pipeline with GitHub Actions,critical,6,1,1.0,0.77,1,1.13,0,Completed,2026-05-11T20:53:18.432749,2026-05-11T21:39:27.522827500,2026-05-12T23:54:44.844361312,8.66
Fix memory leak on web sockets,normal,6,2,3.03,3.26,4,0.58,0,Completed,2026-06-10T20:53:18.432960,2026-06-11T00:08:44.384498349,2026-06-11T10:48:39.850158713,6.4
Deploy to AWS EC2 production instance,deferred,1,2,5.86,8.28,0,1.69,0,Completed,2026-05-20T20:53:18.433165,2026-05-21T05:10:14.419326482,2026-05-22T13:25:03.709345166,7.67
Refactor legacy state management,normal,3,3,1.0,0.92,0,13.73,0,Completed,2026-05-01T20:53:18.433366,2026-05-01T21:48:41.426310988,2026-05-15T14:25:28.877082446,9.34
Write documentation for API endpoints,critical,10,9,3.54,2.17,0,3.12,0,Pending,2026-05-06T20:53:18.433576,,2026-05-09T23:49:57.932406040,5.8
Calibrate LLM parameter temperature,deferred,9,2,4.03,2.18,0,14.0,0,Not Completed,2026-06-19T20:53:18.433770,,2026-07-03T20:53:18.433770,3.27
Calibrate LLM parameter temperature,deferred,7,10,5.04,5.6,3,0.14,1,Completed,2026-05-10T20:53:18.433959,2026-05-11T02:29:09.252355610,2026-05-11T00:12:13.910895879,6.89
Create custom report exporter,normal,4,7,3.64,4.47,1,4.14,0,Completed,2026-05-15T20:53:18.434170,2026-05-16T01:21:13.216826465,2026-05-20T00:11:13.686918107,7.83
Implement OAuth authentication flow,deferred,8,10,7.74,6.48,0,1.52,0,Completed,2026-06-11T20:53:18.434374,2026-06-12T03:22:12.928086143,2026-06-13T09:14:58.022191949,10.0
Setup DB schema and migrations,deferred,10,2,1.0,0.5,3,0.1,0,Pending,2026-05-07T20:53:18.434580,,2026-05-07T23:17:18.434580,3.33
Design wireframes for user profile view,normal,8,9,8.77,2.34,0,2.19,0,Pending,2026-06-26T20:53:18.434788,,2026-06-29T01:24:25.680191054,6.34
Seed PostgreSQL databases,normal,2,4,7.54,4.11,1,1.3,0,Not Completed,2026-06-25T20:53:18.434990,,2026-06-27T04:03:39.436409202,3.28
Design wireframes for user profile view,deferred,5,5,1.0,0.97,0,8.45,0,Not Completed,2026-06-16T20:53:18.435198,,2026-06-25T07:43:51.522222679,3.25
Implement OAuth authentication flow,critical,4,4,1.58,0.96,3,4.2,0,Completed,2026-05-26T20:53:18.435410,2026-05-26T21:50:56.639655083,2026-05-31T01:34:28.228762334,8.63
Integrate Stripe payments API,critical,3,8,2.59,1.94,0,13.91,0,Pending,2026-06-12T20:53:18.435631,,2026-06-26T18:41:18.740862653,6.73
Deploy to AWS EC2 production instance,deferred,6,8,8.27,3.47,0,9.01,0,Pending,2026-05-04T20:53:18.435833,,2026-05-13T21:10:51.489327856,5.63
Deploy to AWS EC2 production instance,normal,9,3,18.69,14.72,2,6.63,0,Completed,2026-06-05T20:53:18.436029,2026-06-06T11:36:26.728565819,2026-06-12T12:04:28.025568936,9.32
Implement voice-to-text transcription,critical,5,10,4.56,3.62,4,0.46,0,Pending,2026-06-26T20:53:18.436236,,2026-06-27T08:01:06.335253926,4.96
Configure Docker containers and compose,normal,1,6,4.42,4.46,2,1.13,0,Completed,2026-05-15T20:53:18.436430,2026-05-16T01:20:51.734509331,2026-05-16T23:54:15.733344116,7.81
Refactor legacy state management,critical,6,7,12.8,1.33,4,2.51,0,Pending,2026-05-28T20:53:18.436640,,2026-05-31T09:01:11.023654239,3.76
Audit cloud security logs,critical,7,2,10.22,12.31,2,2.83,0,Completed,2026-05-11T20:53:18.436854,2026-05-12T09:11:58.216173839,2026-05-14T16:52:30.734368996,7.09
Integrate Stripe payments API,normal,2,8,10.24,13.28,0,1.33,0,Completed,2026-06-01T20:53:18.437073,2026-06-02T10:10:19.204527077,2026-06-03T04:52:17.794457740,8.57
Implement voice-to-text transcription,deferred,6,4,1.15,1.36,2,11.77,0,Completed,2026-05-06T20:53:18.437293,2026-05-06T22:14:56.010946093,2026-05-18T15:25:33.711999062,8.52
Setup DB schema and migrations,critical,8,2,12.31,2.35,4,13.88,0,Pending,2026-05-02T20:53:18.437501,,2026-05-16T17:59:33.643149349,3.97
Implement OAuth authentication flow,normal,4,1,1.0,0.5,2,2.99,0,Pending,2026-05-28T20:53:18.437694,,2026-05-31T20:45:52.902322987,4.39
Implement OAuth authentication flow,normal,4,6,1.0,1.11,2,13.21,0,Completed,2026-05-23T20:53:18.437885,2026-05-23T21:59:46.194104900,2026-06-06T02:00:03.002160726,8.32
Build real-time notification alerts,normal,9,5,24.8,17.04,0,8.98,0,Completed,2026-06-14T20:53:18.438090,2026-06-15T13:55:50.566865315,2026-06-23T20:25:57.704456714,10.0
Design wireframes for user profile view,normal,8,9,12.18,7.71,2,5.89,0,Pending,2026-05-07T20:53:18.438308,,2026-05-13T18:21:46.408676396,4.6
Deploy to AWS EC2 production instance,critical,9,7,1.0,1.08,1,2.25,0,Completed,2026-05-06T20:53:18.438503,2026-05-06T21:58:09.359689618,2026-05-09T02:54:12.255308800,8.85
Implement OAuth authentication flow,normal,1,8,3.75,4.58,1,2.01,0,Not Completed,2026-06-18T20:53:18.438737,,2026-06-20T21:13:03.221945819,3.95
Seed PostgreSQL databases,normal,6,9,1.0,1.6,0,0.44,0,Completed,2026-06-09T20:53:18.439025,2026-06-09T22:29:20.262678651,2026-06-10T07:31:49.426184779,9.46
Setup DB schema and migrations,normal,2,1,4.38,4.18,0,1.73,0,Completed,2026-06-27T20:53:18.439446,2026-06-28T01:04:04.537767397,2026-06-29T14:20:10.510604520,8.99
Build dashboard landing screen,normal,10,2,10.34,6.45,0,4.44,0,Not Completed,2026-06-20T20:53:18.439773,,2026-06-25T07:25:56.158773851,2.82
Fix memory leak on web sockets,normal,9,2,16.42,8.68,3,3.93,0,Pending,2026-06-22T20:53:18.440019,,2026-06-26T19:07:33.918829407,3.99
Audit cloud security logs,deferred,4,6,10.2,9.26,0,4.13,0,Completed,2026-05-06T20:53:18.440226,2026-05-07T06:08:44.224463733,2026-05-10T23:55:32.879220462,10.0
Design wireframes for user profile view,critical,9,3,1.48,1.71,4,1.64,0,Completed,2026-05-09T20:53:18.440433,2026-05-09T22:36:10.171667626,2026-05-11T12:19:38.912201941,7.9
Design wireframes for user profile view,normal,2,3,1.56,1.79,5,14.0,0,Completed,2026-05-31T20:53:18.440641,2026-05-31T22:40:59.874203492,2026-06-14T20:53:18.440641,6.08
Implement voice-to-text transcription,normal,1,5,7.79,4.75,1,2.22,0,Completed,2026-05-07T20:53:18.440863,2026-05-08T01:38:20.113048600,2026-05-10T02:05:45.021906202,10.0
Implement OAuth authentication flow,normal,2,2,9.45,6.43,1,14.0,0,Completed,2026-06-11T20:53:18.441067,2026-06-12T03:19:13.099227213,2026-06-25T20:53:18.441067,8.38
Configure Docker containers and compose,deferred,1,3,8.98,9.49,0,3.68,0,Completed,2026-05-23T20:53:18.441295,2026-05-24T06:22:57.767283819,2026-05-27T13:17:55.299095956,7.43
Optimize SQL queries on core tables,critical,9,6,12.28,8.73,0,2.89,0,Completed,2026-05-01T20:53:18.441506,2026-05-02T05:37:04.955669704,2026-05-04T18:19:06.684267346,10.0
Implement OAuth authentication flow,deferred,5,1,8.91,9.08,0,14.0,0,Completed,2026-06-19T20:53:18.441717,2026-06-20T05:58:08.092049853,2026-07-03T20:53:18.441717,7.98
Design wireframes for user profile view,deferred,1,5,1.72,2.08,1,4.91,0,Completed,2026-05-23T20:53:18.441926,2026-05-23T22:58:03.465550654,2026-05-28T18:39:48.334891149,8.71
Write documentation for API endpoints,deferred,8,6,1.38,1.63,0,1.26,0,Completed,2026-05-31T20:53:18.442149,2026-05-31T22:31:22.204004458,2026-06-02T03:04:03.955808634,9.34
Setup DB schema and migrations,critical,6,5,16.3,16.86,0,2.83,0,Completed,2026-05-03T20:53:18.442360,2026-05-04T13:45:12.360500418,2026-05-06T16:49:47.339663376,9.18
Fix memory leak on web sockets,normal,2,7,6.6,5.05,0,0.12,1,Completed,2026-05-05T20:53:18.442567,2026-05-06T01:56:10.803942348,2026-05-05T23:48:35.735172942,8.76
Configure Docker containers and compose,deferred,1,7,6.7,8.16,0,8.1,0,Completed,2026-06-03T20:53:18.442802,2026-06-04T05:02:42.647934541,2026-06-11T23:23:14.971432079,8.9
Audit cloud security logs,normal,2,2,5.77,6.06,2,3.38,0,Completed,2026-05-27T20:53:18.443012,2026-05-28T02:56:42.482197878,2026-05-31T06:02:44.913231048,7.74
Setup DB schema and migrations,critical,5,5,5.16,6.2,0,0.69,0,Completed,2026-06-04T20:53:18.443228,2026-06-05T03:05:22.412072802,2026-06-05T13:32:41.932712233,8.69
Calibrate LLM parameter temperature,normal,5,9,1.0,0.94,1,5.8,0,Not Completed,2026-06-28T20:53:18.443449,,2026-07-04T15:59:26.720952062,4.0
Fix memory leak on web sockets,critical,1,10,3.03,2.73,1,1.97,0,Completed,2026-05-16T20:53:18.443646,2026-05-16T23:37:08.640748614,2026-05-18T20:06:51.298087062,9.62
Build dashboard landing screen,critical,3,8,6.62,4.43,1,2.49,0,Completed,2026-06-23T20:53:18.443858,2026-06-24T01:19:06.436135053,2026-06-26T08:39:55.827607857,9.82
Design wireframes for user profile view,critical,5,4,5.62,4.32,2,6.71,0,Pending,2026-05-15T20:53:18.444069,,2026-05-22T13:50:21.174822272,5.13
Audit cloud security logs,critical,5,9,6.38,5.64,0,0.88,0,Completed,2026-06-25T20:53:18.444271,2026-06-26T02:31:25.769722076,2026-06-26T17:58:09.619841311,10.0
Calibrate LLM parameter temperature,normal,3,8,2.24,1.69,1,5.04,0,Completed,2026-06-18T20:53:18.444477,2026-06-18T22:34:35.677923214,2026-06-23T21:46:56.576515383,9.71
Fix memory leak on web sockets,normal,10,7,4.47,6.03,1,0.45,0,Completed,2026-06-28T20:53:18.444691,2026-06-29T02:55:05.963062113,2026-06-29T07:44:21.918035674,8.98
Design wireframes for user profile view,critical,10,7,6.1,3.37,1,3.6,0,Pending,2026-05-18T20:53:18.444918,,2026-05-22T11:18:50.455902483,4.75
Configure Docker containers and compose,normal,1,10,1.77,1.01,0,5.27,0,Pending,2026-06-04T20:53:18.445121,,2026-06-10T03:16:59.499263736,6.17
Create custom report exporter,normal,10,1,3.31,1.43,0,1.07,0,Pending,2026-05-23T20:53:18.445337,,2026-05-24T22:38:04.026872521,4.1
Implement voice-to-text transcription,critical,7,10,1.78,1.85,1,0.24,0,Completed,2026-06-11T20:53:18.445541,2026-06-11T22:44:02.821125569,2026-06-12T02:40:14.875683900,9.62
Deploy to AWS EC2 production instance,normal,7,9,7.07,4.33,5,0.55,0,Completed,2026-05-21T20:53:18.445747,2026-05-22T01:13:20.560321281,2026-05-22T10:04:50.149448603,8.87
Seed PostgreSQL databases,critical,8,5,13.48,18.96,0,1.56,0,Completed,2026-05-11T20:53:18.445959,2026-05-12T15:51:05.493552822,2026-05-13T10:23:21.208321683,8.18
Implement OAuth authentication flow,normal,5,8,12.73,12.1,1,3.05,0,Completed,2026-06-06T20:53:18.446169,2026-06-07T08:59:08.011382076,2026-06-09T21:58:36.040786827,10.0
Design wireframes for user profile view,normal,1,3,7.87,5.49,0,0.25,0,Completed,2026-06-13T20:53:18.446376,2026-06-14T02:22:43.747260964,2026-06-14T02:50:34.923483799,9.04
Refactor legacy state management,critical,9,7,8.47,6.34,0,4.37,0,Pending,2026-05-15T20:53:18.446583,,2026-05-20T05:51:04.102488976,5.69
Debug CSS layout alignment bugs,critical,5,4,15.7,12.76,1,7.38,0,Completed,2026-05-21T20:53:18.446792,2026-05-22T09:39:03.821624359,2026-05-29T06:02:38.661648617,9.57
Setup DB schema and migrations,normal,6,4,7.4,6.1,0,1.44,0,Completed,2026-06-02T20:53:18.446998,2026-06-03T02:59:11.837058708,2026-06-04T07:33:33.283239815,9.86
Integrate Stripe payments API,normal,3,4,1.97,2.15,3,8.26,0,Completed,2026-05-23T20:53:18.447220,2026-05-23T23:02:12.446439894,2026-06-01T03:14:44.975029810,8.05
Build real-time notification alerts,critical,1,10,4.66,3.84,1,4.49,0,Completed,2026-06-22T20:53:18.447425,2026-06-23T00:43:33.001443695,2026-06-27T08:34:49.159077589,10.0
Build real-time notification alerts,deferred,5,3,1.14,1.3,1,1.7,0,Not Completed,2026-05-06T20:53:18.447635,,2026-05-08T13:40:09.474934249,2.87
Setup DB schema and migrations,deferred,1,6,10.61,6.01,0,12.21,0,Pending,2026-05-26T20:53:18.447839,,2026-06-08T02:00:22.040462580,6.2
Configure Docker containers and compose,normal,4,9,1.59,1.85,0,6.0,0,Completed,2026-06-09T20:53:18.448040,2026-06-09T22:44:15.403919346,2026-06-15T20:49:32.062626107,9.42
Create custom report exporter,normal,6,2,6.3,2.66,0,0.25,0,Pending,2026-06-20T20:53:18.448252,,2026-06-21T02:57:59.147665303,5.2
Debug CSS layout alignment bugs,critical,5,9,9.16,8.39,0,0.78,0,Completed,2026-05-20T20:53:18.448447,2026-05-21T05:16:31.387724891,2026-05-21T15:40:42.986871765,10.0
Write documentation for API endpoints,critical,4,4,6.4,2.45,2,5.15,0,Pending,2026-05-25T20:53:18.448656,,2026-05-31T00:35:05.889931494,5.32
Fix memory leak on web sockets,normal,6,7,7.94,7.16,2,0.1,1,Completed,2026-06-14T20:53:18.448877,2026-06-15T04:02:54.135624200,2026-06-14T23:17:18.448877,8.01
Refactor legacy state management,normal,8,7,5.79,5.61,0,7.19,0,Completed,2026-05-11T20:53:18.449091,2026-05-12T02:30:01.128977940,2026-05-19T01:27:27.857656558,10.0
Audit cloud security logs,normal,4,7,1.0,1.27,0,8.0,0,Completed,2026-05-31T20:53:18.449297,2026-05-31T22:09:40.845578882,2026-06-08T20:53:07.405866319,9.33
Build real-time notification alerts,deferred,10,5,18.77,17.84,0,0.43,1,Completed,2026-05-10T20:53:18.449505,2026-05-11T14:43:54.989635504,2026-05-11T07:13:57.450379054,8.75
Configure Docker containers and compose,normal,7,2,2.93,1.22,0,1.03,0,Pending,2026-06-21T20:53:18.449714,,2026-06-22T21:36:06.450528720,5.03
Seed PostgreSQL databases,critical,7,1,1.0,1.24,0,0.1,0,Not Completed,2026-05-02T20:53:18.449918,,2026-05-02T23:17:18.449918,3.02
Setup CI/CD pipeline with GitHub Actions,deferred,4,3,6.5,8.42,0,0.77,0,Completed,2026-06-19T20:53:18.450118,2026-06-20T05:18:41.257225779,2026-06-20T15:15:09.269948855,8.68
Build dashboard landing screen,critical,1,8,8.8,9.42,1,1.92,0,Completed,2026-06-15T20:53:18.450327,2026-06-16T06:18:17.009199237,2026-06-17T19:04:50.510581614,8.18
Integrate Stripe payments API,normal,10,7,1.0,1.01,4,6.41,0,Completed,2026-05-07T20:53:18.450540,2026-05-07T21:54:09.762352407,2026-05-14T06:46:45.428060610,8.15
Calibrate LLM parameter temperature,deferred,2,10,2.48,1.4,3,1.02,0,Completed,2026-06-04T20:53:18.450761,2026-06-04T22:17:22.469622294,2026-06-05T21:18:37.842409198,8.38
Create custom report exporter,deferred,4,5,6.76,7.92,0,0.1,1,Not Completed,2026-06-17T20:53:18.450978,,2026-06-17T23:17:18.450978,2.5
Integrate Stripe payments API,normal,5,5,23.01,20.94,1,3.26,0,Completed,2026-06-07T20:53:18.451177,2026-06-08T17:49:33.943927775,2026-06-11T03:13:35.972136699,9.54
Audit cloud security logs,normal,2,2,1.0,0.91,1,6.81,0,Completed,2026-06-16T20:53:18.451457,2026-06-16T21:47:50.430920731,2026-06-23T16:20:06.567665484,9.5
Audit cloud security logs,normal,1,8,5.68,5.71,0,0.66,0,Completed,2026-05-23T20:53:18.451691,2026-05-24T02:35:53.670814662,2026-05-24T12:40:03.671533033,9.44
Implement voice-to-text transcription,critical,10,8,1.7,1.79,1,14.0,0,Completed,2026-05-17T20:53:18.451914,2026-05-17T22:40:30.560829860,2026-05-31T20:53:18.451914,9.86
Refactor legacy state management,normal,7,2,2.63,2.36,2,3.23,0,Completed,2026-05-26T20:53:18.452121,2026-05-26T23:14:40.492241731,2026-05-30T02:27:04.014364798,8.69
Build real-time notification alerts,normal,3,7,3.81,4.43,1,0.53,0,Completed,2026-05-06T20:53:18.452343,2026-05-07T01:19:09.465402491,2026-05-07T09:40:33.980733661,9.07
Deploy to AWS EC2 production instance,critical,6,5,1.0,1.15,0,0.12,0,Completed,2026-06-12T20:53:18.452549,2026-06-12T22:02:35.586027457,2026-06-12T23:43:14.456273129,8.89
Fix memory leak on web sockets,normal,3,8,1.0,0.7,0,4.86,0,Completed,2026-06-10T20:53:18.452783,2026-06-10T21:35:35.748926614,2026-06-15T17:24:59.042160952,10.0
Debug CSS layout alignment bugs,normal,3,6,7.13,6.53,1,14.0,0,Completed,2026-05-15T20:53:18.452999,2026-05-16T03:25:01.359175888,2026-05-29T20:53:18.452999,9.59
Write unit tests for checkout backend,critical,1,7,1.61,1.03,0,0.26,0,Pending,2026-05-03T20:53:18.453213,,2026-05-04T03:05:18.532992174,6.76
Seed PostgreSQL databases,critical,6,4,4.11,5.13,0,4.63,0,Not Completed,2026-06-19T20:53:18.453412,,2026-06-24T12:03:50.817333298,3.5
Create custom report exporter,critical,1,6,1.91,1.45,1,1.42,0,Not Completed,2026-05-14T20:53:18.453610,,2026-05-16T06:57:16.683781611,3.17
Debug CSS layout alignment bugs,normal,5,4,9.74,10.24,0,2.64,0,Completed,2026-05-10T20:53:18.453808,2026-05-11T07:07:32.084082900,2026-05-13T12:12:54.253282590,8.65
Deploy to AWS EC2 production instance,normal,9,4,8.7,10.37,0,3.77,0,Completed,2026-05-24T20:53:18.454014,2026-05-25T07:15:25.991422019,2026-05-28T15:20:17.940078062,9.44
Design wireframes for user profile view,critical,6,7,1.7,1.57,3,1.15,0,Completed,2026-06-16T20:53:18.454232,2026-06-16T22:27:40.150925726,2026-06-18T00:26:52.330599582,9.75
Build dashboard landing screen,critical,4,8,1.0,1.27,1,3.3,0,Completed,2026-06-23T20:53:18.454453,2026-06-23T22:09:22.466569406,2026-06-27T04:08:18.179846577,8.55
Implement voice-to-text transcription,critical,8,4,1.0,0.65,3,2.0,0,Pending,2026-06-08T20:53:18.454678,,2026-06-10T20:53:06.207812646,3.94
Create custom report exporter,critical,7,10,1.27,1.87,0,1.48,0,Not Completed,2026-05-19T20:53:18.454912,,2026-05-21T08:19:46.917158342,4.94
Setup DB schema and migrations,critical,4,10,1.0,0.73,1,3.15,0,Not Completed,2026-05-21T20:53:18.455119,,2026-05-25T00:30:24.055934493,4.3
Write documentation for API endpoints,normal,6,6,11.26,4.83,0,0.61,0,Completed,2026-06-13T20:53:18.455375,2026-06-14T01:43:08.009551552,2026-06-14T11:28:28.697745083,10.0
Calibrate LLM parameter temperature,normal,7,6,2.06,1.99,2,0.47,0,Completed,2026-06-08T20:53:18.455697,2026-06-08T22:52:31.436625011,2026-06-09T08:17:05.110124187,8.63
Build real-time notification alerts,normal,4,4,4.4,3.12,0,8.41,0,Pending,2026-06-02T20:53:18.456024,,2026-06-11T06:42:47.989901352,5.57
Integrate Stripe payments API,normal,10,1,1.0,1.04,0,2.49,0,Not Completed,2026-05-08T20:53:18.456341,,2026-05-11T08:44:37.670930679,2.23
Create custom report exporter,critical,5,3,1.31,1.3,0,0.4,0,Completed,2026-06-21T20:53:18.456602,2026-06-21T22:11:33.787643856,2026-06-22T06:22:08.469411703,9.44
Integrate Stripe payments API,normal,8,2,1.03,1.27,1,6.31,0,Completed,2026-06-21T20:53:18.456923,2026-06-21T22:09:39.355134438,2026-06-28T04:12:47.683674318,8.31
Optimize SQL queries on core tables,normal,5,4,9.61,8.64,4,7.78,0,Completed,2026-06-28T20:53:18.457304,2026-06-29T05:31:58.104447008,2026-07-06T15:30:55.042538555,7.94
Seed PostgreSQL databases,deferred,5,2,1.09,1.4,3,2.23,0,Completed,2026-05-27T20:53:18.457659,2026-05-27T22:17:17.615061458,2026-05-30T02:25:48.055693637,7.41
Write unit tests for checkout backend,normal,2,10,1.0,0.67,1,0.83,0,Pending,2026-05-10T20:53:18.457967,,2026-05-11T16:48:41.169547061,5.99
Build dashboard landing screen,normal,9,2,10.34,9.05,0,1.77,0,Completed,2026-06-03T20:53:18.458265,2026-06-04T05:56:36.053976794,2026-06-05T15:24:08.384627073,10.0
Calibrate LLM parameter temperature,normal,8,10,1.0,1.4,0,0.61,0,Completed,2026-05-03T20:53:18.458574,2026-05-03T22:17:32.296694522,2026-05-04T11:35:16.223945424,9.65
Calibrate LLM parameter temperature,normal,1,5,9.85,8.64,2,1.17,0,Completed,2026-05-25T20:53:18.458927,2026-05-26T05:31:48.237393178,2026-05-27T01:00:57.876232266,9.0
Configure Docker containers and compose,critical,7,6,11.62,15.61,0,7.26,0,Completed,2026-06-04T20:53:18.459246,2026-06-05T12:30:03.370579577,2026-06-12T03:03:25.820872194,9.09
Implement voice-to-text transcription,normal,5,3,8.64,6.33,0,5.7,0,Not Completed,2026-06-23T20:53:18.459593,,2026-06-29T13:35:29.737390693,3.47
Implement OAuth authentication flow,normal,6,4,2.88,1.26,0,2.13,0,Pending,2026-05-11T20:53:18.459920,,2026-05-13T23:59:29.498540221,5.68
Configure Docker containers and compose,normal,10,6,1.97,2.47,2,1.38,0,Not Completed,2026-06-10T20:53:18.460218,,2026-06-12T06:04:04.548330564,2.78
Implement voice-to-text transcription,normal,8,6,1.0,0.87,0,1.22,0,Completed,2026-06-15T20:53:18.460482,2026-06-15T21:45:24.380592610,2026-06-17T02:13:32.420961927,9.68
Audit cloud security logs,critical,9,9,1.0,1.13,3,7.65,0,Completed,2026-05-05T20:53:18.460701,2026-05-05T22:01:13.933432200,2026-05-13T12:28:18.855626824,8.94
Calibrate LLM parameter temperature,critical,1,3,1.87,1.97,2,3.41,0,Completed,2026-05-16T20:53:18.460933,2026-05-16T22:51:31.451252273,2026-05-20T06:39:36.995171469,7.3
Setup DB schema and migrations,normal,9,9,6.64,5.45,2,8.45,0,Completed,2026-06-17T20:53:18.461147,2026-06-18T02:20:19.272167851,2026-06-26T07:37:13.213279907,8.92
Design wireframes for user profile view,normal,9,3,13.38,15.65,0,3.74,0,Completed,2026-06-25T20:53:18.461360,2026-06-26T12:32:21.588939398,2026-06-29T14:34:08.867461283,9.4
Fix memory leak on web sockets,critical,4,6,9.27,10.99,4,1.22,0,Completed,2026-06-21T20:53:18.461573,2026-06-22T07:52:49.500020232,2026-06-23T02:08:32.243613160,7.32
Build dashboard landing screen,critical,9,2,2.7,2.68,0,0.19,0,Completed,2026-05-20T20:53:18.461784,2026-05-20T23:34:12.904386409,2026-05-21T01:22:26.097855209,9.87
Setup CI/CD pipeline with GitHub Actions,normal,4,8,5.36,2.59,1,7.7,0,Completed,2026-05-27T20:53:18.461995,2026-05-27T23:28:43.124120221,2026-06-04T13:41:46.311181821,10.0
Fix memory leak on web sockets,deferred,1,10,2.08,2.23,3,2.02,0,Completed,2026-05-09T20:53:18.462215,2026-05-09T23:07:24.329137429,2026-05-11T21:27:04.724199205,7.7
Fix memory leak on web sockets,normal,7,3,3.59,3.83,3,0.72,0,Completed,2026-05-07T20:53:18.462440,2026-05-08T00:43:24.101611234,2026-05-08T14:13:22.701961795,7.92
Seed PostgreSQL databases,normal,1,10,18.61,20.24,2,0.1,1,Completed,2026-06-11T20:53:18.462658,2026-06-12T17:07:25.794848141,2026-06-11T23:17:18.462658,6.79
Create custom report exporter,critical,1,4,2.76,0.5,0,2.17,0,Pending,2026-05-02T20:53:18.462890,,2026-05-05T01:00:29.770831949,5.63
Debug CSS layout alignment bugs,normal,7,2,6.63,6.97,1,1.8,0,Completed,2026-06-01T20:53:18.463093,2026-06-02T03:51:25.143528373,2026-06-03T16:01:13.639116356,8.65
Deploy to AWS EC2 production instance,normal,5,2,4.53,2.66,2,14.0,0,Pending,2026-05-05T20:53:18.463321,,2026-05-19T20:53:18.463321,3.46
Seed PostgreSQL databases,normal,5,5,9.9,1.46,0,2.51,0,Pending,2026-06-08T20:53:18.463525,,2026-06-11T09:13:27.462811268,6.22
Audit cloud security logs,normal,3,7,4.69,3.6,2,3.57,0,Completed,2026-05-16T20:53:18.463735,2026-05-17T00:29:27.654726005,2026-05-20T10:32:55.549428991,8.42
Implement voice-to-text transcription,normal,7,8,13.22,15.13,0,1.85,0,Completed,2026-05-26T20:53:18.463947,2026-05-27T12:01:13.042099947,2026-05-28T17:15:06.629283110,8.28
Optimize SQL queries on core tables,normal,5,8,8.61,11.35,3,1.66,0,Completed,2026-06-18T20:53:18.464167,2026-06-19T08:14:26.556360883,2026-06-20T12:44:39.572284932,7.55
Write documentation for API endpoints,critical,5,8,2.72,2.17,0,14.0,0,Completed,2026-06-24T20:53:18.464383,2026-06-24T23:03:31.265869787,2026-07-08T20:53:18.464383,10.0
Deploy to AWS EC2 production instance,deferred,4,10,1.0,0.55,0,1.96,0,Completed,2026-05-23T20:53:18.464603,2026-05-23T21:26:15.061323399,2026-05-25T20:01:28.535527956,10.0
Optimize SQL queries on core tables,deferred,5,3,13.16,10.37,1,7.01,0,Not Completed,2026-05-15T20:53:18.464842,,2026-05-22T21:09:17.004197678,2.92
Calibrate LLM parameter temperature,normal,5,5,3.9,4.34,1,0.74,0,Completed,2026-05-26T20:53:18.465047,2026-05-27T01:13:26.465532051,2026-05-27T14:35:02.192570774,8.36
Seed PostgreSQL databases,critical,1,5,2.52,3.16,0,13.57,0,Completed,2026-06-05T20:53:18.465262,2026-06-06T00:02:42.819269842,2026-06-19T10:41:17.353269690,8.97
Deploy to AWS EC2 production instance,critical,2,4,3.08,1.68,5,8.49,0,Completed,2026-05-23T20:53:18.465481,2026-05-23T22:33:53.749801568,2026-06-01T08:41:09.249566293,8.42
Fix memory leak on web sockets,normal,5,1,7.45,9.54,3,0.57,0,Completed,2026-05-13T20:53:18.465695,2026-05-14T06:25:56.999610931,2026-05-14T10:31:11.130538216,6.33
Design wireframes for user profile view,critical,6,7,1.0,0.76,2,1.29,0,Pending,2026-06-12T20:53:18.465909,,2026-06-14T03:51:43.852076888,5.4
Debug CSS layout alignment bugs,normal,4,6,5.33,4.54,0,1.35,0,Completed,2026-06-18T20:53:18.466118,2026-06-19T01:25:32.309108798,2026-06-20T05:11:56.788225162,10.0
Debug CSS layout alignment bugs,normal,3,5,23.7,11.88,0,7.03,0,Pending,2026-05-28T20:53:18.466332,,2026-06-04T21:36:19.317931725,6.27
Configure Docker containers and compose,critical,6,3,3.57,1.85,1,3.94,0,Not Completed,2026-05-28T20:53:18.466534,,2026-06-01T19:27:23.839798680,2.78
Audit cloud security logs,deferred,10,10,6.01,6.32,1,6.85,0,Completed,2026-05-30T20:53:18.466740,2026-05-31T03:12:47.527673087,2026-06-06T17:24:04.806937828,10.0
Implement voice-to-text transcription,deferred,2,8,31.38,40.87,0,0.1,1,Completed,2026-06-14T20:53:18.466973,2026-06-16T13:45:29.948538678,2026-06-14T23:17:18.466973,5.62
Optimize SQL queries on core tables,critical,8,5,10.35,1.79,2,8.63,0,Pending,2026-06-15T20:53:18.467192,,2026-06-24T12:02:24.287264613,5.12
Write unit tests for checkout backend,normal,6,3,4.78,3.95,1,3.44,0,Completed,2026-06-12T20:53:18.467394,2026-06-13T00:50:10.019780421,2026-06-16T07:29:40.092059474,9.6
Implement OAuth authentication flow,normal,6,2,1.0,1.2,0,1.4,0,Completed,2026-06-15T20:53:18.467609,2026-06-15T22:05:12.107255437,2026-06-17T06:29:07.964610744,9.04
Fix memory leak on web sockets,normal,1,1,6.14,5.17,4,3.7,0,Completed,2026-06-12T20:53:18.467830,2026-06-13T02:03:35.080467776,2026-06-16T13:41:39.834829969,7.26
Refactor legacy state management,normal,8,6,1.0,0.68,1,1.11,0,Pending,2026-06-05T20:53:18.468052,,2026-06-06T23:28:43.366344106,5.15
Implement voice-to-text transcription,normal,4,7,7.65,5.18,0,0.69,0,Pending,2026-05-11T20:53:18.468258,,2026-05-12T13:28:09.395684157,5.55
Implement voice-to-text transcription,critical,1,10,9.17,4.66,1,3.6,0,Pending,2026-06-21T20:53:18.468472,,2026-06-25T11:18:05.583144766,6.57
Integrate Stripe payments API,normal,9,9,2.68,2.86,0,7.4,0,Completed,2026-06-16T20:53:18.468682,2026-06-16T23:44:39.444378589,2026-06-24T06:27:26.541676557,9.85
Debug CSS layout alignment bugs,deferred,8,3,1.0,1.36,1,2.72,0,Completed,2026-06-19T20:53:18.468936,2026-06-19T22:14:38.942258489,2026-06-22T14:15:00.632676686,8.92
Implement voice-to-text transcription,critical,5,5,20.3,6.26,2,12.05,0,Pending,2026-06-17T20:53:18.469175,,2026-06-29T21:58:26.198918049,4.88
Optimize SQL queries on core tables,critical,5,6,18.85,17.51,1,2.27,0,Completed,2026-05-16T20:53:18.469377,2026-05-17T14:23:53.713886330,2026-05-19T03:18:45.459802072,9.5
Integrate Stripe payments API,critical,9,2,4.82,3.35,0,5.09,0,Completed,2026-06-07T20:53:18.469602,2026-06-08T00:14:11.770689302,2026-06-12T22:58:28.381876891,10.0
Setup DB schema and migrations,normal,7,2,3.01,2.36,3,0.54,0,Pending,2026-05-16T20:53:18.469817,,2026-05-17T09:47:13.103125316,4.09
Configure Docker containers and compose,normal,1,4,1.0,0.65,0,4.4,0,Pending,2026-06-19T20:53:18.470020,,2026-06-24T06:24:46.292871982,5.51
Setup CI/CD pipeline with GitHub Actions,critical,6,8,10.93,11.21,1,11.89,0,Completed,2026-06-17T20:53:18.470238,2026-06-18T08:05:46.431727689,2026-06-29T18:17:17.453537495,8.65
Build real-time notification alerts,critical,9,4,1.0,1.3,0,5.75,0,Completed,2026-06-01T20:53:18.470466,2026-06-01T22:11:14.272972202,2026-06-07T14:49:10.987310320,8.81
Design wireframes for user profile view,critical,5,10,8.82,7.24,2,0.51,0,Completed,2026-05-08T20:53:18.470679,2026-05-09T04:07:27.567204983,2026-05-09T09:10:59.077984199,9.84
Design wireframes for user profile view,critical,5,4,4.77,6.62,3,4.5,0,Completed,2026-05-04T20:53:18.470906,2026-05-05T03:30:17.977367600,2026-05-09T08:57:26.124337388,7.55
Configure Docker containers and compose,critical,4,8,1.0,1.29,0,1.13,0,Completed,2026-06-03T20:53:18.471123,2026-06-03T22:10:36.385843690,2026-06-05T00:04:19.883340922,9.17
Write unit tests for checkout backend,deferred,9,7,9.23,5.31,5,3.15,0,Not Completed,2026-05-19T20:53:18.471367,,2026-05-23T00:22:30.931775957,2.1
Write documentation for API endpoints,critical,7,10,13.58,13.66,2,1.51,0,Completed,2026-06-25T20:53:18.471741,2026-06-26T10:32:44.168514044,2026-06-27T09:13:45.738615903,9.1
Implement voice-to-text transcription,critical,1,1,17.67,18.4,0,5.16,0,Completed,2026-06-03T20:53:18.472007,2026-06-04T15:17:23.795618518,2026-06-09T00:48:58.941609813,7.94
Write documentation for API endpoints,deferred,4,4,1.57,1.3,0,2.15,0,Completed,2026-05-02T20:53:18.472252,2026-05-02T22:11:03.283482592,2026-05-05T00:27:49.234787278,10.0
Setup CI/CD pipeline with GitHub Actions,critical,6,6,8.58,10.92,1,0.8,0,Completed,2026-06-21T20:53:18.472474,2026-06-22T07:48:20.541872832,2026-06-22T15:58:32.924786698,8.52
Design wireframes for user profile view,deferred,1,1,23.84,14.32,2,7.69,0,Completed,2026-06-04T20:53:18.472692,2026-06-05T11:12:15.292594649,2026-06-12T13:27:55.506436331,8.58
Create custom report exporter,normal,7,6,5.84,4.3,5,0.84,0,Pending,2026-05-05T20:53:18.472935,,2026-05-06T17:07:49.594984459,3.69
Configure Docker containers and compose,critical,8,4,1.7,1.71,1,4.39,0,Completed,2026-06-07T20:53:18.473147,2026-06-07T22:36:05.322230861,2026-06-12T06:20:10.263598353,9.31
Design wireframes for user profile view,critical,10,4,2.65,2.89,3,1.04,0,Completed,2026-06-27T20:53:18.473364,2026-06-27T23:46:26.364829193,2026-06-28T21:48:52.743009129,7.77
Configure Docker containers and compose,deferred,6,5,1.69,1.23,0,9.0,0,Completed,2026-06-22T20:53:18.473573,2026-06-22T22:07:20.360463571,2026-07-01T20:55:36.290025964,10.0
Write documentation for API endpoints,normal,4,5,1.0,0.63,0,2.35,0,Completed,2026-06-11T20:53:18.473792,2026-06-11T21:31:21.408429415,2026-06-14T05:18:08.345140589,10.0
Write unit tests for checkout backend,deferred,1,10,12.59,7.88,4,0.11,1,Pending,2026-06-24T20:53:18.474004,,2026-06-24T23:34:02.418273355,2.73
Setup DB schema and migrations,critical,2,8,1.99,2.27,4,3.49,0,Completed,2026-06-03T20:53:18.474213,2026-06-03T23:09:13.173384244,2026-06-07T08:32:24.170567487,8.53
Debug CSS layout alignment bugs,normal,7,7,17.56,7.61,3,2.18,0,Pending,2026-05-31T20:53:18.474427,,2026-06-03T01:05:27.423219733,3.86
Configure Docker containers and compose,critical,3,7,1.0,1.0,1,1.81,0,Completed,2026-05-13T20:53:18.474626,2026-05-13T21:53:07.594572938,2026-05-15T16:23:14.621003865,9.64
Configure Docker containers and compose,critical,4,2,8.92,11.23,0,6.97,0,Completed,2026-05-08T20:53:18.474837,2026-05-09T08:06:54.903589569,2026-05-15T20:05:49.966853281,7.97
Seed PostgreSQL databases,critical,5,9,1.0,0.99,0,2.96,0,Completed,2026-06-26T20:53:18.475073,2026-06-26T21:52:34.546443705,2026-06-29T19:51:10.294659746,10.0
Debug CSS layout alignment bugs,critical,4,6,7.89,4.16,1,2.15,0,Pending,2026-05-30T20:53:18.475294,,2026-06-02T00:30:47.725446343,4.99
Optimize SQL queries on core tables,normal,3,9,2.78,3.49,3,6.57,0,Not Completed,2026-05-11T20:53:18.475501,,2026-05-18T10:39:44.599733870,3.66
Calibrate LLM parameter temperature,critical,10,10,1.0,0.57,0,2.92,0,Completed,2026-06-12T20:53:18.475705,2026-06-12T21:27:30.383409146,2026-06-15T18:52:11.878472855,10.0
Write unit tests for checkout backend,deferred,9,5,4.93,7.76,2,4.93,0,Completed,2026-06-27T20:53:18.475934,2026-06-28T04:38:57.079379920,2026-07-02T19:13:32.659997142,8.08
Configure Docker containers and compose,critical,7,6,15.23,4.44,1,5.22,0,Pending,2026-05-01T20:53:18.476151,,2026-05-07T02:13:22.285284985,5.3
Integrate Stripe payments API,critical,6,6,6.56,3.74,0,0.51,0,Pending,2026-06-12T20:53:18.476353,,2026-06-13T09:02:15.914740719,6.27
Deploy to AWS EC2 production instance,normal,4,4,2.91,1.35,0,7.31,0,Completed,2026-05-01T20:53:18.476553,2026-05-01T22:14:21.848149916,2026-05-09T04:12:59.616200837,9.19
Debug CSS layout alignment bugs,normal,1,1,4.67,4.25,0,1.48,0,Completed,2026-06-04T20:53:18.476767,2026-06-05T01:08:25.823073050,2026-06-06T08:20:54.776051027,9.37
Build real-time notification alerts,normal,7,2,12.31,11.37,1,6.37,0,Completed,2026-06-13T20:53:18.476995,2026-06-14T08:15:47.869636200,2026-06-20T05:48:52.730747157,9.84
Debug CSS layout alignment bugs,normal,4,8,1.0,1.48,1,1.36,0,Completed,2026-05-27T20:53:18.477208,2026-05-27T22:22:19.712606590,2026-05-29T05:26:52.750556952,9.31
Optimize SQL queries on core tables,normal,5,6,1.7,1.06,0,0.35,0,Completed,2026-05-30T20:53:18.477417,2026-05-30T21:56:47.512668702,2026-05-31T05:18:10.688997919,9.92
Implement voice-to-text transcription,normal,1,4,6.68,7.03,1,0.89,0,Completed,2026-05-31T20:53:18.477629,2026-06-01T03:55:15.460307142,2026-06-01T18:11:21.767025183,7.94
Create custom report exporter,deferred,9,9,1.0,1.07,0,14.0,0,Completed,2026-05-19T20:53:18.477838,2026-05-19T21:57:12.730293924,2026-06-02T20:53:18.477838,9.95
Optimize SQL queries on core tables,critical,4,9,1.37,1.39,1,0.31,0,Completed,2026-06-27T20:53:18.478064,2026-06-27T22:16:26.437389198,2026-06-28T04:16:24.323836529,9.68
Refactor legacy state management,normal,10,7,1.0,1.03,0,12.1,0,Completed,2026-06-09T20:53:18.478279,2026-06-09T21:55:05.797275366,2026-06-21T23:15:03.575887647,9.71
Deploy to AWS EC2 production instance,normal,5,2,7.3,5.82,0,3.32,0,Completed,2026-05-01T20:53:18.478497,2026-05-02T02:42:19.333466754,2026-05-05T04:30:16.121105647,9.98
Write unit tests for checkout backend,critical,2,4,17.59,21.76,0,0.67,1,Not Completed,2026-05-12T20:53:18.478711,,2026-05-13T13:02:13.875386886,2.99
Write unit tests for checkout backend,normal,9,1,1.0,0.97,1,1.17,0,Completed,2026-05-15T20:53:18.478923,2026-05-15T21:51:39.686369565,2026-05-17T00:54:13.555713014,9.64
Setup CI/CD pipeline with GitHub Actions,critical,6,6,1.0,1.08,0,2.27,0,Completed,2026-06-01T20:53:18.479135,2026-06-01T21:58:03.365428947,2026-06-04T03:27:25.936853743,9.26
Implement voice-to-text transcription,normal,9,10,33.54,25.51,0,3.17,0,Completed,2026-05-21T20:53:18.479347,2026-05-22T22:23:41.289837269,2026-05-25T00:52:51.770790552,10.0
Write documentation for API endpoints,deferred,4,1,1.45,2.07,0,1.14,0,Completed,2026-05-02T20:53:18.479559,2026-05-02T22:57:12.713051879,2026-05-04T00:11:38.771275381,8.23
Setup DB schema and migrations,normal,2,7,10.94,11.42,2,6.93,0,Not Completed,2026-06-28T20:53:18.479772,,2026-07-05T19:06:49.736715075,3.53
Setup CI/CD pipeline with GitHub Actions,normal,10,1,15.21,10.51,1,3.09,0,Completed,2026-06-20T20:53:18.479984,2026-06-21T07:23:37.451161447,2026-06-23T23:05:15.878088856,9.84
Create custom report exporter,normal,5,2,5.97,5.57,0,4.89,0,Completed,2026-05-23T20:53:18.480203,2026-05-24T02:27:20.097477179,2026-05-28T18:14:00.317979737,10.0
Implement voice-to-text transcription,critical,2,6,9.23,7.46,1,0.9,0,Completed,2026-06-05T20:53:18.480418,2026-06-06T04:20:44.568399076,2026-06-06T18:26:31.868250706,9.16
Write unit tests for checkout backend,critical,1,7,7.49,4.58,0,2.1,0,Not Completed,2026-05-31T20:53:18.480633,,2026-06-02T23:20:32.862670822,3.27
Optimize SQL queries on core tables,normal,5,2,12.81,9.58,2,4.62,0,Completed,2026-06-02T20:53:18.480831,2026-06-03T06:28:06.542375503,2026-06-07T11:49:36.989812559,8.39
Refactor legacy state management,normal,5,10,10.58,15.37,2,1.47,0,Not Completed,2026-05-18T20:53:18.481057,,2026-05-20T08:12:15.848107636,2.94
Fix memory leak on web sockets,critical,1,5,14.03,9.25,0,7.06,0,Completed,2026-06-06T20:53:18.481258,2026-06-07T06:08:18.076924587,2026-06-13T22:21:39.720949516,10.0
Write documentation for API endpoints,normal,3,9,1.0,1.03,0,2.46,0,Completed,2026-05-12T20:53:18.481467,2026-05-12T21:54:54.038939771,2026-05-15T07:53:53.909987209,9.01
Seed PostgreSQL databases,critical,8,5,7.61,10.42,1,2.89,0,Completed,2026-05-09T20:53:18.481673,2026-05-10T07:18:39.297884348,2026-05-12T18:20:29.359304108,8.13
Write unit tests for checkout backend,critical,10,7,1.0,0.69,0,1.07,0,Completed,2026-06-20T20:53:18.481891,2026-06-20T21:34:25.827471392,2026-06-21T22:30:17.916491915,10.0
Implement voice-to-text transcription,normal,1,3,6.82,7.58,0,5.6,0,Completed,2026-06-28T20:53:18.482098,2026-06-29T04:27:52.042689335,2026-07-04T11:21:47.102032740,8.54
Implement OAuth authentication flow,critical,1,5,1.0,0.51,0,0.62,0,Completed,2026-05-11T20:53:18.482321,2026-05-11T21:23:55.884933078,2026-05-12T11:41:06.837536622,9.49
Deploy to AWS EC2 production instance,critical,1,7,3.26,2.21,0,6.3,0,Completed,2026-05-07T20:53:18.482529,2026-05-07T23:06:08.000259123,2026-05-14T03:58:47.482596967,10.0
Audit cloud security logs,normal,9,6,7.71,5.32,1,7.23,0,Pending,2026-05-09T20:53:18.482739,,2026-05-17T02:30:52.996728733,4.48
Design wireframes for user profile view,normal,9,7,3.6,1.54,0,7.72,0,Pending,2026-05-20T20:53:18.482951,,2026-05-28T14:14:57.608502146,5.37
Create custom report exporter,deferred,2,8,12.59,7.13,0,3.12,0,Not Completed,2026-05-03T20:53:18.483162,,2026-05-06T23:48:12.391786674,3.98
Write documentation for API endpoints,critical,2,6,3.41,2.87,5,3.28,0,Completed,2026-05-20T20:53:18.483368,2026-05-20T23:45:22.663908046,2026-05-24T03:29:51.261992743,7.4
Write unit tests for checkout backend,normal,4,10,2.58,1.78,3,1.91,0,Pending,2026-05-26T20:53:18.483634,,2026-05-28T18:39:36.782000574,5.68
Implement voice-to-text transcription,critical,4,8,3.33,2.17,1,2.94,0,Completed,2026-05-25T20:53:18.483934,2026-05-25T23:03:47.494522952,2026-05-28T19:33:51.793100855,10.0
Optimize SQL queries on core tables,critical,7,9,2.56,3.05,0,0.69,0,Completed,2026-06-03T20:53:18.484215,2026-06-03T23:56:21.996493310,2026-06-04T13:28:31.892692767,9.06
Write unit tests for checkout backend,deferred,5,6,8.52,3.16,0,2.14,0,Pending,2026-05-20T20:53:18.484507,,2026-05-23T00:21:12.649882291,6.52
Configure Docker containers and compose,normal,2,10,4.24,5.47,0,0.32,0,Completed,2026-06-11T20:53:18.484785,2026-06-12T02:21:32.843564380,2026-06-12T04:34:39.438052047,9.01
Write documentation for API endpoints,normal,6,9,1.84,1.46,3,4.05,0,Completed,2026-05-02T20:53:18.485068,2026-05-02T22:21:07.884688723,2026-05-06T22:00:17.877461490,9.12
Setup CI/CD pipeline with GitHub Actions,critical,4,7,1.84,1.17,1,6.75,0,Pending,2026-06-01T20:53:18.485334,,2026-06-08T14:50:51.161338097,5.16
Configure Docker containers and compose,critical,6,6,3.22,4.37,3,6.96,0,Completed,2026-06-04T20:53:18.485563,2026-06-05T01:15:45.083158933,2026-06-11T19:50:41.934924656,7.98
Setup CI/CD pipeline with GitHub Actions,deferred,8,7,33.37,37.3,2,7.45,0,Completed,2026-05-12T20:53:18.485820,2026-05-14T10:11:01.710815491,2026-05-20T07:47:04.255804061,7.81
Build real-time notification alerts,deferred,10,3,36.26,37.4,0,0.16,1,Completed,2026-06-18T20:53:18.486051,2026-06-20T10:17:23.787940284,2026-06-19T00:50:32.888109719,7.98
Calibrate LLM parameter temperature,normal,6,6,1.0,0.85,3,4.9,0,Completed,2026-05-02T20:53:18.486290,2026-05-02T21:44:20.674517809,2026-05-07T18:27:39.914215270,9.01
Deploy to AWS EC2 production instance,deferred,5,5,3.09,2.23,0,0.29,0,Completed,2026-05-17T20:53:18.486501,2026-05-17T23:07:14.070556373,2026-05-18T03:47:09.406940857,10.0
Build real-time notification alerts,normal,7,8,2.86,3.7,0,3.85,0,Completed,2026-05-10T20:53:18.486708,2026-05-11T00:35:04.524799316,2026-05-14T17:24:18.514415691,8.39
Write unit tests for checkout backend,deferred,10,4,16.87,5.97,1,11.92,0,Pending,2026-05-06T20:53:18.486920,,2026-05-18T18:57:22.447037328,4.04
Create custom report exporter,critical,5,5,1.0,1.4,1,14.0,0,Completed,2026-06-22T20:53:18.487138,2026-06-22T22:17:26.037518221,2026-07-06T20:53:18.487138,8.68
Write unit tests for checkout backend,normal,8,6,3.64,5.06,1,7.27,0,Completed,2026-06-17T20:53:18.487385,2026-06-18T01:56:52.465722671,2026-06-25T03:14:57.819287916,9.09
Configure Docker containers and compose,deferred,6,3,6.11,6.79,4,8.54,0,Completed,2026-05-06T20:53:18.487604,2026-05-07T03:40:54.643910464,2026-05-15T09:44:06.216092718,7.55
Audit cloud security logs,normal,8,6,7.28,8.12,0,1.05,0,Not Completed,2026-05-17T20:53:18.487828,,2026-05-18T22:04:42.999932832,3.74
Fix memory leak on web sockets,normal,8,5,9.66,7.06,3,0.54,0,Completed,2026-05-29T20:53:18.488028,2026-05-30T03:56:40.375791108,2026-05-30T09:43:54.063007744,9.32
Configure Docker containers and compose,deferred,5,4,2.56,1.91,0,2.02,0,Completed,2026-05-14T20:53:18.488281,2026-05-14T22:47:45.726609021,2026-05-16T21:17:01.492230793,9.75
Audit cloud security logs,normal,7,10,1.56,1.82,0,1.25,0,Completed,2026-06-26T20:53:18.488493,2026-06-26T22:42:29.628423818,2026-06-28T02:54:42.486019895,9.62
Optimize SQL queries on core tables,normal,8,8,3.48,3.27,0,6.4,0,Completed,2026-06-19T20:53:18.488748,2026-06-20T00:09:17.031651017,2026-06-26T06:34:43.389837263,10.0
Fix memory leak on web sockets,normal,4,4,1.42,1.15,2,0.64,0,Completed,2026-05-05T20:53:18.489126,2026-05-05T22:02:12.403524095,2026-05-06T12:08:35.782071404,8.99
Audit cloud security logs,normal,5,6,9.1,7.17,0,1.49,0,Completed,2026-06-28T20:53:18.489454,2026-06-29T04:03:29.717008519,2026-06-30T08:44:45.519519698,10.0
Refactor legacy state management,deferred,10,5,3.25,3.17,0,5.16,0,Completed,2026-06-14T20:53:18.489765,2026-06-15T00:03:36.892234250,2026-06-20T00:49:30.259162844,10.0
Refactor legacy state management,normal,7,7,4.96,5.81,2,11.28,0,Completed,2026-06-20T20:53:18.490070,2026-06-21T02:41:41.048351022,2026-07-02T03:38:56.342600431,7.46
Design wireframes for user profile view,normal,3,7,1.0,1.5,2,0.53,0,Completed,2026-05-20T20:53:18.490296,2026-05-20T22:23:06.908169603,2026-05-21T09:30:49.561577564,8.38
Seed PostgreSQL databases,deferred,1,5,4.28,1.64,1,2.88,0,Pending,2026-05-21T20:53:18.490530,,2026-05-24T17:56:21.587082922,4.55
Configure Docker containers and compose,normal,6,6,11.57,14.02,0,7.7,0,Completed,2026-05-28T20:53:18.490783,2026-05-29T10:54:48.419491888,2026-06-05T13:46:42.138439268,8.75
Build dashboard landing screen,deferred,8,9,9.24,3.11,0,11.18,0,Pending,2026-06-24T20:53:18.491042,,2026-07-06T01:13:26.108158641,5.99
Build real-time notification alerts,normal,9,5,12.43,17.49,0,1.22,0,Completed,2026-06-09T20:53:18.491249,2026-06-10T14:22:54.240397850,2026-06-11T02:13:00.347321899,8.68
Build real-time notification alerts,normal,6,4,3.68,4.02,0,0.39,0,Completed,2026-06-03T20:53:18.491455,2026-06-04T00:54:43.378144532,2026-06-04T06:20:29.496601158,8.53
Implement voice-to-text transcription,deferred,7,5,3.77,3.14,2,0.67,0,Completed,2026-05-21T20:53:18.491661,2026-05-22T00:01:37.283429996,2026-05-22T12:59:56.354483810,10.0
Seed PostgreSQL databases,normal,2,5,8.64,5.61,0,4.16,0,Completed,2026-05-16T20:53:18.491889,2026-05-17T02:29:57.700208218,2026-05-21T00:44:36.396959171,9.61
Build real-time notification alerts,normal,9,4,15.82,3.97,5,6.36,0,Pending,2026-05-28T20:53:18.492106,,2026-06-04T05:29:48.987459888,3.89
Implement voice-to-text transcription,normal,9,9,1.26,1.86,3,4.76,0,Completed,2026-05-27T20:53:18.492308,2026-05-27T22:44:52.269686008,2026-06-01T15:04:47.495322812,8.86
Configure Docker containers and compose,deferred,6,6,1.0,0.82,0,7.01,0,Completed,2026-06-18T20:53:18.492523,2026-06-18T21:42:31.543374152,2026-06-25T21:14:18.706292183,10.0
Write documentation for API endpoints,normal,2,8,16.24,19.76,0,3.78,0,Completed,2026-05-05T20:53:18.492733,2026-05-06T16:39:11.902467720,2026-05-09T15:38:37.828625110,8.41
Optimize SQL queries on core tables,deferred,4,6,1.95,2.43,0,13.23,0,Completed,2026-05-05T20:53:18.492946,2026-05-05T23:19:17.854709498,2026-05-19T02:19:27.569366296,9.38
Setup CI/CD pipeline with GitHub Actions,normal,3,8,2.25,2.35,2,0.37,0,Not Completed,2026-06-02T20:53:18.493188,,2026-06-03T05:50:08.790526792,2.8
Integrate Stripe payments API,critical,8,8,2.51,2.37,0,9.78,0,Completed,2026-05-20T20:53:18.493399,2026-05-20T23:15:30.248512167,2026-05-30T15:33:46.413150365,10.0
Refactor legacy state management,critical,8,5,1.0,1.18,3,6.13,0,Completed,2026-05-13T20:53:18.493610,2026-05-13T22:04:11.173135405,2026-05-20T00:05:52.536851812,7.85
Implement OAuth authentication flow,deferred,2,4,8.5,9.72,0,1.42,0,Completed,2026-06-26T20:53:18.493823,2026-06-27T06:36:38.361036593,2026-06-28T06:58:21.565912435,9.12
Build real-time notification alerts,deferred,6,5,7.97,7.1,1,1.36,0,Completed,2026-05-14T20:53:18.494033,2026-05-15T03:59:13.054020884,2026-05-16T05:29:24.462986909,9.99
Optimize SQL queries on core tables,normal,7,4,5.23,3.1,0,8.25,0,Completed,2026-06-19T20:53:18.494253,2026-06-19T23:59:28.484534154,2026-06-28T03:00:20.441813495,9.74
Build real-time notification alerts,critical,7,5,1.0,1.42,0,1.79,0,Completed,2026-05-01T20:53:18.494468,2026-05-01T22:18:13.216629744,2026-05-03T15:57:48.676412932,8.53
Calibrate LLM parameter temperature,normal,8,3,6.45,7.16,1,0.44,0,Completed,2026-05-06T20:53:18.494680,2026-05-07T04:03:09.946780272,2026-05-07T07:21:07.132008263,7.8
Integrate Stripe payments API,critical,10,5,1.65,1.89,0,0.49,0,Completed,2026-05-23T20:53:18.494892,2026-05-23T22:46:31.496463277,2026-05-24T08:41:33.608458035,8.76
Implement voice-to-text transcription,normal,9,10,2.67,2.75,2,6.87,0,Completed,2026-05-13T20:53:18.495117,2026-05-13T23:38:34.382740263,2026-05-20T17:52:52.051967286,8.59
Write documentation for API endpoints,normal,10,1,10.8,7.03,0,9.76,0,Completed,2026-06-14T20:53:18.495329,2026-06-15T03:54:49.142722651,2026-06-24T15:11:13.883808892,9.8
Seed PostgreSQL databases,normal,5,8,16.18,15.1,0,10.86,0,Completed,2026-06-24T20:53:18.495548,2026-06-25T11:59:32.620555736,2026-07-05T17:27:44.413346820,10.0
Build real-time notification alerts,critical,2,2,2.42,2.44,3,7.45,0,Completed,2026-05-17T20:53:18.495757,2026-05-17T23:19:52.003376283,2026-05-25T07:46:44.170722413,7.23
Implement voice-to-text transcription,normal,1,3,2.63,1.76,1,2.06,0,Pending,2026-06-12T20:53:18.495969,,2026-06-14T22:26:32.455805536,4.72
Fix memory leak on web sockets,normal,1,3,2.63,2.52,0,4.51,0,Completed,2026-06-25T20:53:18.496180,2026-06-25T23:24:34.960457166,2026-06-30T09:01:44.933244634,9.17
Configure Docker containers and compose,critical,4,10,1.11,1.59,3,3.26,0,Completed,2026-06-20T20:53:18.496402,2026-06-20T22:28:41.807797572,2026-06-24T03:03:32.615577578,8.25
Fix memory leak on web sockets,critical,8,7,16.34,22.32,3,4.04,0,Completed,2026-06-11T20:53:18.496613,2026-06-12T19:12:20.633239154,2026-06-15T21:45:06.752003955,7.16
Create custom report exporter,normal,7,2,10.44,9.83,0,7.16,0,Completed,2026-06-25T20:53:18.496823,2026-06-26T06:43:20.472919585,2026-07-03T00:39:54.639383477,10.0
Build dashboard landing screen,normal,2,8,4.76,4.94,0,9.27,0,Completed,2026-05-18T20:53:18.497041,2026-05-19T01:49:40.856982295,2026-05-28T03:28:06.535980693,9.49
Audit cloud security logs,normal,4,4,1.6,0.65,0,7.79,0,Pending,2026-05-05T20:53:18.497278,,2026-05-13T15:43:43.121718726,5.46
Audit cloud security logs,normal,10,3,36.25,27.47,0,2.46,0,Completed,2026-06-19T20:53:18.497478,2026-06-21T00:21:30.036094686,2026-06-22T07:58:49.024066849,9.77
Debug CSS layout alignment bugs,deferred,5,4,4.74,4.0,0,0.7,0,Completed,2026-06-15T20:53:18.497689,2026-06-16T00:53:33.004304041,2026-06-16T13:39:07.859440221,10.0
Refactor legacy state management,critical,10,7,9.81,8.64,0,0.7,0,Completed,2026-06-08T20:53:18.497905,2026-06-09T05:31:43.806827811,2026-06-09T13:35:00.736680954,10.0
Seed PostgreSQL databases,normal,1,2,15.66,15.41,0,0.21,1,Completed,2026-05-07T20:53:18.498126,2026-05-08T12:18:12.367264613,2026-05-08T01:52:31.983746402,7.06
Calibrate LLM parameter temperature,critical,10,4,21.85,6.34,1,1.29,0,Pending,2026-06-22T20:53:18.498345,,2026-06-24T03:47:31.832780716,5.11
Implement voice-to-text transcription,normal,8,1,1.5,1.56,0,1.2,0,Completed,2026-05-23T20:53:18.498552,2026-05-23T22:26:46.650902458,2026-05-25T01:42:54.903206411,8.55
Calibrate LLM parameter temperature,normal,7,4,4.07,2.81,0,1.63,0,Completed,2026-05-18T20:53:18.498766,2026-05-18T23:41:57.729697425,2026-05-20T11:58:01.255136384,10.0
Optimize SQL queries on core tables,normal,4,4,7.94,8.71,0,2.1,0,Completed,2026-05-30T20:53:18.498978,2026-05-31T05:35:56.555554424,2026-06-01T23:10:12.941721603,8.53
Seed PostgreSQL databases,normal,2,6,1.81,1.59,3,9.04,0,Completed,2026-06-23T20:53:18.499204,2026-06-23T22:28:55.132958656,2026-07-02T21:53:08.422656240,8.11
Build real-time notification alerts,normal,9,4,6.71,5.4,2,2.02,0,Completed,2026-05-02T20:53:18.499429,2026-05-03T02:17:18.418191465,2026-05-04T21:26:51.648577550,9.93
Write unit tests for checkout backend,normal,2,10,3.53,4.62,1,0.5,0,Completed,2026-06-08T20:53:18.499642,2026-06-09T01:30:37.572561485,2026-06-09T08:51:51.200009101,8.51
Debug CSS layout alignment bugs,deferred,2,4,3.55,3.44,1,4.38,0,Completed,2026-05-29T20:53:18.499863,2026-05-30T00:19:45.825024971,2026-06-03T05:58:52.182266624,9.25
Audit cloud security logs,normal,7,5,9.07,6.91,0,6.82,0,Completed,2026-05-18T20:53:18.500085,2026-05-19T03:48:01.130084897,2026-05-25T16:38:57.158518524,9.89
Fix memory leak on web sockets,normal,8,4,1.0,0.89,0,14.0,0,Completed,2026-05-18T20:53:18.500306,2026-05-18T21:46:30.705024817,2026-06-01T20:53:18.500306,10.0
Write documentation for API endpoints,deferred,1,2,5.14,1.33,0,1.29,0,Pending,2026-06-16T20:53:18.500528,,2026-06-18T03:52:57.920017724,5.22
Integrate Stripe payments API,normal,5,6,1.0,1.19,1,7.57,0,Completed,2026-06-03T20:53:18.500739,2026-06-03T22:04:40.246373403,2026-06-11T10:39:30.035344048,8.35
Implement OAuth authentication flow,normal,9,10,1.0,1.31,0,1.2,0,Completed,2026-05-24T20:53:18.500953,2026-05-24T22:12:03.157967767,2026-05-26T01:36:43.281168210,9.44
Implement OAuth authentication flow,normal,2,5,5.16,7.63,1,2.77,0,Completed,2026-06-15T20:53:18.501180,2026-06-16T04:30:54.396732353,2026-06-18T15:29:02.743961627,8.07
Implement OAuth authentication flow,deferred,6,8,11.45,9.11,5,5.19,0,Pending,2026-05-04T20:53:18.501404,,2026-05-10T01:28:01.304339814,3.54
Setup DB schema and migrations,deferred,4,2,5.22,4.93,0,5.65,0,Completed,2026-05-09T20:53:18.501606,2026-05-10T01:49:09.253676112,2026-05-15T12:26:11.169210768,9.78
Setup CI/CD pipeline with GitHub Actions,normal,6,1,6.56,6.94,1,1.68,0,Completed,2026-05-15T20:53:18.501826,2026-05-16T03:49:51.436541226,2026-05-17T13:10:33.617833206,8.4
Build real-time notification alerts,normal,1,5,7.47,9.66,0,1.17,0,Completed,2026-05-01T20:53:18.502049,2026-05-02T06:32:45.307502541,2026-05-03T01:04:52.617876203,8.41
Build real-time notification alerts,normal,9,6,10.04,7.28,0,4.39,0,Not Completed,2026-05-16T20:53:18.502270,,2026-05-21T06:14:25.675165738,3.15
Audit cloud security logs,deferred,6,8,3.11,1.32,0,0.27,0,Pending,2026-05-02T20:53:18.502475,,2026-05-03T03:25:26.024282014,4.9
Implement voice-to-text transcription,normal,2,4,6.88,7.25,0,0.57,0,Completed,2026-06-17T20:53:18.502678,2026-06-18T04:08:19.652135802,2026-06-18T10:36:44.945953206,8.17
Build real-time notification alerts,normal,9,7,12.37,10.95,0,5.24,0,Completed,2026-05-07T20:53:18.502901,2026-05-08T07:50:29.547925047,2026-05-13T02:40:23.208165012,9.86
Seed PostgreSQL databases,deferred,3,8,1.0,1.28,4,0.46,0,Completed,2026-06-09T20:53:18.503128,2026-06-09T22:10:08.175198607,2026-06-10T07:51:54.096816437,8.49
Debug CSS layout alignment bugs,deferred,3,7,1.6,2.38,1,6.86,0,Completed,2026-05-14T20:53:18.503343,2026-05-14T23:16:22.622549947,2026-05-21T17:32:42.468345974,8.55
Build real-time notification alerts,normal,10,1,22.64,3.45,1,0.58,0,Pending,2026-06-17T20:53:18.503577,,2026-06-18T10:53:14.528693503,4.62
Audit cloud security logs,deferred,5,5,2.28,0.76,0,5.82,0,Pending,2026-05-06T20:53:18.503814,,2026-05-12T16:32:19.435094176,5.9
Write unit tests for checkout backend,normal,1,7,3.63,3.83,0,10.92,0,Completed,2026-05-13T20:53:18.504047,2026-05-14T00:43:09.559745591,2026-05-24T18:53:37.444609244,8.5
Debug CSS layout alignment bugs,critical,3,1,1.0,0.5,0,11.32,0,Pending,2026-05-06T20:53:18.504269,,2026-05-18T04:40:04.593059267,5.93
Build real-time notification alerts,normal,7,9,16.93,23.2,1,12.37,0,Completed,2026-05-10T20:53:18.504482,2026-05-11T20:05:25.651263438,2026-05-23T05:40:18.481732142,9.28
Build dashboard landing screen,deferred,1,1,1.06,0.92,1,0.16,0,Completed,2026-06-22T20:53:18.504710,2026-06-22T21:48:30.474808763,2026-06-23T00:36:58.339991772,8.4
Create custom report exporter,deferred,3,8,2.54,2.98,2,3.11,0,Completed,2026-06-11T20:53:18.505056,2026-06-11T23:52:11.741593658,2026-06-14T23:29:36.451915861,8.68
Calibrate LLM parameter temperature,normal,4,5,1.0,1.03,3,5.63,0,Completed,2026-05-30T20:53:18.505440,2026-05-30T21:55:23.659798788,2026-06-05T11:57:52.426112004,8.62
Write unit tests for checkout backend,normal,5,7,6.81,6.12,0,14.0,0,Completed,2026-06-05T20:53:18.505775,2026-06-06T03:00:30.716753727,2026-06-19T20:53:18.505775,10.0
Debug CSS layout alignment bugs,normal,5,9,13.53,8.19,0,6.17,0,Completed,2026-06-17T20:53:18.506104,2026-06-18T05:04:26.348256040,2026-06-24T00:51:56.765361450,10.0
Setup DB schema and migrations,normal,5,2,6.2,5.65,0,0.22,1,Completed,2026-05-23T20:53:18.506514,2026-05-24T02:32:01.383234938,2026-05-24T02:16:30.320123984,8.05
Setup DB schema and migrations,deferred,10,4,1.33,1.6,0,2.8,0,Completed,2026-06-08T20:53:18.506838,2026-06-08T22:29:32.271605873,2026-06-11T16:06:50.583447862,8.27
Calibrate LLM parameter temperature,deferred,7,3,5.9,3.67,1,0.82,0,Completed,2026-05-28T20:53:18.507174,2026-05-29T00:33:28.870637763,2026-05-29T16:30:28.399245384,10.0
Refactor legacy state management,normal,10,7,3.5,3.98,0,0.82,0,Completed,2026-05-13T20:53:18.507501,2026-05-14T00:52:18.536194148,2026-05-14T16:27:47.607174677,9.35
Build dashboard landing screen,normal,3,3,2.9,2.8,2,0.63,0,Completed,2026-05-12T20:53:18.507814,2026-05-12T23:41:07.297844580,2026-05-13T11:57:50.142315741,9.48
Integrate Stripe payments API,normal,5,9,14.97,15.35,2,6.91,0,Not Completed,2026-05-16T20:53:18.508131,,2026-05-23T18:45:53.375198905,4.04
Setup DB schema and migrations,normal,8,8,3.6,2.27,3,14.0,0,Pending,2026-06-06T20:53:18.508453,,2026-06-20T20:53:18.508453,4.09
Audit cloud security logs,normal,5,9,1.0,1.12,0,3.24,0,Completed,2026-05-13T20:53:18.508763,2026-05-13T22:00:47.842791244,2026-05-17T02:33:36.034598375,9.02
Integrate Stripe payments API,normal,4,1,1.0,1.05,5,0.17,0,Not Completed,2026-06-05T20:53:18.509074,,2026-06-06T00:57:01.085129399,1.93
Calibrate LLM parameter temperature,critical,5,9,1.0,0.92,1,0.93,0,Completed,2026-06-17T20:53:18.509320,2026-06-17T21:48:24.700819854,2026-06-18T19:14:55.822427984,9.78
Implement voice-to-text transcription,normal,9,7,9.15,6.24,5,1.1,0,Pending,2026-05-09T20:53:18.509542,,2026-05-10T23:19:08.925762335,3.24
Audit cloud security logs,deferred,7,8,9.63,6.33,0,5.25,0,Completed,2026-05-01T20:53:18.509747,2026-05-02T03:12:54.707969172,2026-05-07T02:53:39.947154639,10.0
Build real-time notification alerts,deferred,1,5,7.07,7.57,0,2.15,0,Completed,2026-05-06T20:53:18.509962,2026-05-07T04:27:19.015944192,2026-05-09T00:29:33.603420218,8.81
Calibrate LLM parameter temperature,normal,3,8,1.04,1.55,3,8.47,0,Not Completed,2026-06-28T20:53:18.510179,,2026-07-07T08:06:55.800269604,1.96
Build dashboard landing screen,normal,7,7,5.34,3.86,3,1.72,0,Completed,2026-06-02T20:53:18.510389,2026-06-03T00:44:51.769164683,2026-06-04T14:13:19.672050636,9.43
Seed PostgreSQL databases,critical,8,3,10.54,7.8,0,2.56,0,Completed,2026-05-07T20:53:18.510604,2026-05-08T04:41:04.644963269,2026-05-10T10:23:12.262262901,10.0
Seed PostgreSQL databases,normal,5,10,4.32,3.32,0,2.32,0,Completed,2026-05-02T20:53:18.510820,2026-05-03T00:12:18.525897153,2026-05-05T04:38:36.681724757,10.0
Create custom report exporter,normal,9,6,1.0,0.83,0,0.44,0,Completed,2026-06-10T20:53:18.511044,2026-06-10T21:43:14.105153474,2026-06-11T07:30:11.358629874,10.0
Create custom report exporter,normal,4,8,4.42,4.67,3,0.87,0,Completed,2026-06-04T20:53:18.511287,2026-06-05T01:33:45.776601491,2026-06-05T17:51:59.757502292,8.47
Calibrate LLM parameter temperature,normal,3,7,3.37,2.89,1,9.77,0,Completed,2026-05-16T20:53:18.511507,2026-05-16T23:46:32.813991247,2026-05-26T15:21:05.653030092,9.36
Configure Docker containers and compose,critical,2,9,4.86,4.95,1,2.22,0,Completed,2026-05-08T20:53:18.511764,2026-05-09T01:50:05.773045990,2026-05-11T02:15:51.040985889,8.31
Create custom report exporter,normal,4,9,5.57,4.14,0,7.97,0,Completed,2026-06-14T20:53:18.511989,2026-06-15T01:01:30.876437716,2026-06-22T20:03:06.049909699,10.0
Deploy to AWS EC2 production instance,normal,5,7,6.52,0.74,2,8.68,0,Pending,2026-05-19T20:53:18.512211,,2026-05-28T13:17:07.921723729,4.71
Configure Docker containers and compose,normal,9,5,1.0,1.17,3,0.1,0,Completed,2026-05-04T20:53:18.512421,2026-05-04T22:03:25.516883163,2026-05-04T23:17:18.512421,7.37
Integrate Stripe payments API,normal,2,6,3.17,2.33,0,14.0,0,Completed,2026-05-09T20:53:18.512640,2026-05-09T23:13:17.556715427,2026-05-23T20:53:18.512640,9.81
Optimize SQL queries on core tables,normal,9,2,2.39,2.22,0,0.81,0,Not Completed,2026-06-01T20:53:18.512899,,2026-06-02T16:13:40.687362239,3.0
Refactor legacy state management,normal,3,10,1.0,1.21,0,1.5,0,Completed,2026-06-05T20:53:18.513108,2026-06-05T22:05:37.822094328,2026-06-07T08:57:58.084984949,9.43
Integrate Stripe payments API,normal,9,7,8.69,8.11,0,4.29,0,Completed,2026-05-09T20:53:18.513351,2026-05-10T05:00:06.654417725,2026-05-14T03:48:41.425360926,10.0
Configure Docker containers and compose,critical,4,3,12.5,7.94,0,7.83,0,Pending,2026-06-06T20:53:18.513573,,2026-06-14T16:44:48.186730237,5.64
Build dashboard landing screen,normal,9,7,4.17,3.31,1,2.86,0,Completed,2026-05-22T20:53:18.513785,2026-05-23T00:11:39.947683787,2026-05-25T17:28:54.782151886,10.0
Setup CI/CD pipeline with GitHub Actions,normal,5,6,6.51,5.3,2,6.68,0,Not Completed,2026-05-01T20:53:18.514008,,2026-05-08T13:18:25.573449679,2.67
Fix memory leak on web sockets,critical,1,8,6.79,6.92,0,8.26,0,Completed,2026-06-02T20:53:18.514216,2026-06-03T03:48:24.732421331,2026-06-11T03:01:25.115741626,8.96
Calibrate LLM parameter temperature,deferred,7,9,10.31,5.83,1,4.04,0,Completed,2026-06-12T20:53:18.514435,2026-06-13T02:42:49.087851346,2026-06-16T21:55:07.314329196,10.0
Deploy to AWS EC2 production instance,normal,3,4,16.3,12.15,0,2.53,0,Pending,2026-05-08T20:53:18.514656,,2026-05-11T09:37:04.255843406,5.51
Create custom report exporter,normal,2,6,2.58,2.07,2,1.06,0,Completed,2026-05-26T20:53:18.514865,2026-05-26T22:57:37.599402849,2026-05-27T22:21:48.110355765,9.46
Configure Docker containers and compose,normal,4,1,1.5,1.63,0,1.18,0,Completed,2026-06-22T20:53:18.515084,2026-06-22T22:31:09.664069717,2026-06-24T01:13:49.751757439,8.27
Build dashboard landing screen,critical,6,2,1.0,0.91,1,3.62,0,Completed,2026-05-25T20:53:18.515318,2026-05-25T21:47:49.926917533,2026-05-29T11:44:48.146702707,9.88
Optimize SQL queries on core tables,deferred,10,1,1.0,1.16,0,0.19,0,Not Completed,2026-05-30T20:53:18.515545,,2026-05-31T01:24:56.221575040,2.47
Build dashboard landing screen,normal,9,5,1.8,2.31,0,1.89,0,Completed,2026-06-27T20:53:18.515753,2026-06-27T23:12:06.878413715,2026-06-29T18:13:35.074708132,9.22
Integrate Stripe payments API,normal,6,6,8.14,8.79,0,0.51,0,Completed,2026-05-27T20:53:18.515971,2026-05-28T05:40:41.918369104,2026-05-28T09:12:00.544962739,9.17
Setup DB schema and migrations,critical,4,2,1.0,1.07,1,4.97,0,Completed,2026-06-13T20:53:18.516193,2026-06-13T21:57:33.256531122,2026-06-18T20:03:22.827545002,8.22
Implement OAuth authentication flow,critical,10,8,1.0,1.48,0,6.49,0,Completed,2026-05-18T20:53:18.516418,2026-05-18T22:21:52.506575357,2026-05-25T08:33:15.664027573,9.45
Write documentation for API endpoints,deferred,7,6,1.0,0.98,2,2.47,0,Not Completed,2026-05-14T20:53:18.516640,,2026-05-17T08:10:22.269783821,2.82
Write documentation for API endpoints,deferred,5,10,2.54,1.51,0,2.07,0,Completed,2026-06-05T20:53:18.516847,2026-06-05T22:23:55.012479556,2026-06-07T22:29:10.729403878,10.0
Build dashboard landing screen,deferred,6,1,1.0,1.26,1,0.82,0,Completed,2026-06-18T20:53:18.517065,2026-06-18T22:08:45.411350217,2026-06-19T16:31:03.133411984,7.8
Build real-time notification alerts,deferred,3,9,4.62,3.68,2,1.66,0,Pending,2026-05-22T20:53:18.517312,,2026-05-24T12:40:46.248650742,4.68
Setup CI/CD pipeline with GitHub Actions,normal,8,6,7.59,7.42,0,1.58,0,Completed,2026-06-08T20:53:18.517520,2026-06-09T04:18:24.596041753,2026-06-10T10:48:11.121833712,9.84
Calibrate LLM parameter temperature,critical,6,8,1.43,1.45,0,7.24,0,Completed,2026-05-16T20:53:18.517745,2026-05-16T22:20:21.670841432,2026-05-24T02:41:33.063162831,9.53
Implement voice-to-text transcription,deferred,4,7,5.38,6.03,1,0.86,0,Completed,2026-05-19T20:53:18.517965,2026-05-20T02:54:49.529642057,2026-05-20T17:37:31.923783827,9.07
Build real-time notification alerts,normal,5,10,1.0,0.97,0,2.13,0,Completed,2026-06-14T20:53:18.518184,2026-06-14T21:51:17.778106116,2026-06-17T00:06:54.409255131,10.0
Write unit tests for checkout backend,critical,9,5,1.0,0.88,2,0.46,0,Not Completed,2026-06-14T20:53:18.518610,,2026-06-15T07:56:01.394581098,2.13
Deploy to AWS EC2 production instance,critical,2,1,16.69,21.58,3,8.74,0,Completed,2026-05-28T20:53:18.519195,2026-05-29T18:28:02.594385549,2026-06-06T14:36:10.707713959,5.85
Build dashboard landing screen,normal,7,10,5.44,3.94,2,1.93,0,Completed,2026-05-18T20:53:18.521054,2026-05-19T00:49:30.806384084,2026-05-20T19:06:33.402453526,9.71
Debug CSS layout alignment bugs,normal,8,9,4.48,3.69,2,4.99,0,Completed,2026-05-24T20:53:18.521457,2026-05-25T00:34:25.636455692,2026-05-29T20:36:39.271164728,9.04
Create custom report exporter,deferred,9,7,3.19,1.94,0,3.43,0,Pending,2026-05-12T20:53:18.521831,,2026-05-16T07:12:36.366139158,4.52
Audit cloud security logs,critical,9,8,1.0,0.51,0,0.38,0,Not Completed,2026-06-20T20:53:18.522137,,2026-06-21T05:55:00.968099509,3.14
Write unit tests for checkout backend,deferred,5,2,20.26,20.03,0,5.41,0,Completed,2026-05-15T20:53:18.522454,2026-05-16T16:55:01.423329289,2026-05-21T06:47:15.189657015,9.7
Write documentation for API endpoints,critical,4,5,5.49,6.86,0,8.84,0,Completed,2026-05-04T20:53:18.522772,2026-05-05T03:44:36.908563888,2026-05-13T16:59:36.956169990,8.72
Implement voice-to-text transcription,deferred,9,5,12.36,11.82,0,2.67,0,Completed,2026-05-28T20:53:18.523063,2026-05-29T08:42:35.774061619,2026-05-31T13:02:18.504765318,10.0
Deploy to AWS EC2 production instance,normal,10,3,5.05,3.29,2,6.68,0,Completed,2026-05-25T20:53:18.523354,2026-05-26T00:10:25.172814329,2026-06-01T13:14:09.278692409,9.82
Configure Docker containers and compose,normal,5,6,5.86,2.21,1,6.54,0,Pending,2026-05-11T20:53:18.523648,,2026-05-18T09:52:22.610551575,5.23
Refactor legacy state management,critical,10,8,8.29,8.91,0,4.03,0,Completed,2026-06-03T20:53:18.523924,2026-06-04T05:47:50.407525203,2026-06-07T21:34:32.047992095,10.0
Setup CI/CD pipeline with GitHub Actions,normal,10,9,3.95,3.04,0,13.68,0,Pending,2026-06-17T20:53:18.524217,,2026-07-01T13:09:37.572334581,5.23
Design wireframes for user profile view,normal,8,2,6.59,2.33,1,2.24,0,Completed,2026-06-16T20:53:18.524529,2026-06-16T23:12:54.235247553,2026-06-19T02:38:38.403794175,9.47
Write documentation for API endpoints,deferred,2,4,11.67,8.15,3,2.71,0,Pending,2026-06-15T20:53:18.524823,,2026-06-18T13:58:30.929397049,4.54
Calibrate LLM parameter temperature,normal,6,4,1.0,0.85,0,6.77,0,Completed,2026-05-12T20:53:18.525133,2026-05-12T21:44:21.248274951,2026-05-19T15:15:59.040703618,9.0
Debug CSS layout alignment bugs,normal,5,5,9.0,10.16,2,0.8,0,Completed,2026-05-23T20:53:18.525483,2026-05-24T07:02:44.608199360,2026-05-24T16:09:10.094393283,7.69
Integrate Stripe payments API,normal,6,1,4.38,3.28,1,7.24,0,Pending,2026-05-05T20:53:18.525754,,2026-05-13T02:45:25.482578840,4.27
Setup CI/CD pipeline with GitHub Actions,normal,6,7,1.8,2.28,0,5.18,0,Completed,2026-06-17T20:53:18.525987,2026-06-17T23:10:22.645802474,2026-06-23T01:12:08.717763772,9.37
Fix memory leak on web sockets,normal,2,10,7.46,3.94,3,3.5,0,Completed,2026-06-23T20:53:18.526223,2026-06-24T00:49:35.292455764,2026-06-27T08:47:04.135713406,9.31
Configure Docker containers and compose,normal,9,9,3.14,2.1,0,0.59,0,Pending,2026-05-12T20:53:18.526497,,2026-05-13T10:57:47.364756579,5.43
Configure Docker containers and compose,normal,10,6,8.32,7.81,2,0.59,0,Completed,2026-06-20T20:53:18.526719,2026-06-21T04:41:39.681467677,2026-06-21T11:00:57.434327736,10.0
Setup DB schema and migrations,normal,6,6,11.9,12.32,0,7.65,0,Completed,2026-05-22T20:53:18.526978,2026-05-23T09:12:15.846592174,2026-05-30T12:26:18.507951223,8.94
Debug CSS layout alignment bugs,critical,8,5,4.38,3.55,1,1.08,0,Completed,2026-05-03T20:53:18.527211,2026-05-04T00:26:06.033836618,2026-05-04T22:48:25.672708790,9.79
Build real-time notification alerts,deferred,10,10,4.22,5.46,2,0.26,0,Completed,2026-06-11T20:53:18.527446,2026-06-12T02:20:54.044050216,2026-06-12T03:01:39.065165633,8.93
Implement voice-to-text transcription,normal,2,4,3.58,2.97,1,3.38,0,Completed,2026-05-16T20:53:18.527677,2026-05-16T23:51:30.905838350,2026-05-20T06:06:44.372044584,9.11
Refactor legacy state management,normal,1,2,21.05,6.31,2,3.67,0,Pending,2026-06-10T20:53:18.527913,,2026-06-14T13:02:33.700474825,4.55
Calibrate LLM parameter temperature,normal,8,2,1.0,1.54,0,9.76,0,Completed,2026-05-31T20:53:18.528145,2026-05-31T22:25:32.162709233,2026-06-10T15:05:10.508070265,8.15
Deploy to AWS EC2 production instance,deferred,10,10,8.36,8.99,3,5.44,0,Completed,2026-05-23T20:53:18.528461,2026-05-24T05:52:30.688608329,2026-05-29T07:29:03.752859012,8.88
Fix memory leak on web sockets,deferred,8,7,5.23,2.9,2,2.09,0,Pending,2026-06-19T20:53:18.528727,,2026-06-21T22:57:35.693935649,5.05
Build real-time notification alerts,normal,5,2,11.18,13.73,0,4.43,0,Completed,2026-05-24T20:53:18.528987,2026-05-25T10:37:02.483282189,2026-05-29T07:14:55.271105339,7.67
Build dashboard landing screen,normal,10,5,32.44,29.22,0,1.16,1,Completed,2026-05-01T20:53:18.529300,2026-05-03T02:06:25.768938096,2026-05-03T00:49:49.428481384,9.09
Calibrate LLM parameter temperature,normal,4,8,5.0,5.1,0,0.14,1,Completed,2026-06-01T20:53:18.529540,2026-06-02T01:59:17.018007710,2026-06-02T00:15:07.673980476,7.79
